time_ms,amp,rssi
1782113712463,11.508756637573242,-66
1782113712468,11.955751419067383,-66
1782113712473,12.20667552947998,-66
1782113712477,12.939925193786621,-66
1782113712481,13.917436599731445,-65
1782113712485,14.222936630249023,-65
1782113712488,14.224279403686523,-65
1782113712491,14.14876937866211,-65
1782113712494,13.417749404907227,-65
1782113712497,12.799619674682617,-66
1782113712500,10.996319770812988,-66
1782113712502,10.732641220092773,-66
1782113712505,10.11569881439209,-67
1782113712508,8.17870044708252,-67
1782113712511,7.67314338684082,-68
1782113712513,7.683605194091797,-68
1782113712516,7.733395576477051,-68
1782113712519,9.098930358886719,-67
1782113712521,10.159350395202637,-67
1782113712524,10.682019233703613,-67
1782113712527,10.952933311462402,-67
1782113712529,11.324899673461914,-66
1782113712532,11.720748901367188,-66
1782113712535,12.057663917541504,-66
1782113712538,12.29529857635498,-66
1782113712541,12.993387222290039,-66
1782113712543,13.37353515625,-66
1782113712546,13.833361625671387,-65
1782113712549,14.272687911987305,-65
1782113712552,14.177886009216309,-65
1782113712556,14.663829803466797,-65
1782113712559,13.975178718566895,-65
1782113712562,14.313644409179688,-65
1782113712565,13.874480247497559,-65
1782113712568,14.132004737854004,-65
1782113712570,14.390554428100586,-65
1782113712573,13.930314064025879,-65
1782113712576,14.15746021270752,-65
1782113712578,14.149118423461914,-65
1782113712581,14.415812492370605,-64
1782113712585,14.287490844726562,-64
1782113712588,14.908905982971191,-64
1782113712590,14.804224967956543,-64
1782113712593,15.110675811767578,-64
1782113712596,15.918536186218262,-64
1782113712599,14.541109085083008,-64
1782113712602,14.516305923461914,-65
1782113712605,14.406651496887207,-65
1782113712607,13.860716819763184,-64
1782113712610,14.101424217224121,-65
1782113712613,13.837141036987305,-65
1782113712616,13.476300239562988,-65
1782113712619,13.648307800292969,-65
1782113712621,15.136382102966309,-65
1782113712624,14.248969078063965,-64
1782113712627,14.550039291381836,-64
1782113712630,15.213193893432617,-64
1782113712633,15.778203964233398,-63
1782113712636,17.191253662109375,-63
1782113712639,16.927087783813477,-63
1782113712641,17.503711700439453,-63
1782113712645,17.741544723510742,-63
1782113712648,17.8862247467041,-63
1782113712651,18.009729385375977,-63
1782113712654,17.690221786499023,-63
1782113712657,18.010671615600586,-63
1782113712660,17.509885787963867,-64
1782113712663,16.482643127441406,-64
1782113712666,15.913544654846191,-64
1782113712668,15.40817928314209,-65
1782113712672,15.0564546585083,-65
1782113712674,14.89489459991455,-65
1782113712677,15.342032432556152,-65
1782113712680,14.090916633605957,-65
1782113712683,14.440543174743652,-65
1782113712686,14.384966850280762,-65
1782113712689,14.160520553588867,-65
1782113712692,14.322311401367188,-65
1782113712695,14.433335304260254,-65
1782113712697,14.364289283752441,-65
1782113712700,13.933390617370605,-65
1782113712703,13.562332153320312,-66
1782113712706,12.7007417678833,-66
1782113712709,11.905250549316406,-66
1782113712712,11.056654930114746,-67
1782113712714,10.775402069091797,-68
1782113712717,8.575803756713867,-68
1782113712719,8.29498291015625,-69
1782113712722,7.691680908203125,-69
1782113712724,7.464460372924805,-69
1782113712727,7.233194351196289,-69
1782113712729,7.6945481300354,-68
1782113712732,7.670392990112305,-68
1782113712734,8.180278778076172,-68
1782113712737,10.241195678710938,-67
1782113712739,10.602152824401855,-67
1782113712742,11.589329719543457,-67
1782113712745,12.079610824584961,-66
1782113712748,12.43925952911377,-66
1782113712750,12.776288986206055,-66
1782113712753,12.711647033691406,-66
1782113712756,12.66714859008789,-66
1782113712759,12.368523597717285,-66
1782113712762,12.247364044189453,-66
1782113712764,11.944694519042969,-66
1782113712767,11.606640815734863,-67
1782113712770,11.649889945983887,-67
1782113712772,11.377421379089355,-67
1782113712775,12.9459810256958,-67
1782113712778,11.49252986907959,-67
1782113712780,11.542208671569824,-67
1782113712783,11.8030424118042,-67
1782113712786,12.101038932800293,-67
1782113712789,11.907294273376465,-67
1782113712792,11.983497619628906,-67
1782113712794,12.106365203857422,-66
1782113712797,12.271896362304688,-66
1782113712800,12.324951171875,-66
1782113712802,12.231566429138184,-66
1782113712811,12.0501127243042,-66
1782113712820,12.118932723999023,-66
1782113712830,12.024176597595215,-66
1782113712840,13.09313678741455,-67
1782113712852,11.949254035949707,-67
1782113712861,11.816408157348633,-67
1782113712869,11.663506507873535,-67
1782113712884,11.499494552612305,-67
1782113712893,11.522643089294434,-67
1782113712912,11.204065322875977,-66
1782113712921,11.07659912109375,-66
1782113712930,10.914870262145996,-67
1782113712938,10.807816505432129,-67
1782113712947,10.685548782348633,-66
1782113712958,10.726937294006348,-67
1782113712968,10.952540397644043,-66
1782113712981,11.187658309936523,-66
1782113712991,12.485597610473633,-66
1782113713002,11.802035331726074,-66
1782113713016,12.128585815429688,-66
1782113713041,12.523455619812012,-66
1782113713051,12.441967964172363,-66
1782113713060,12.52731704711914,-66
1782113713069,12.248893737792969,-66
1782113713080,12.556525230407715,-66
1782113713089,12.856886863708496,-65
1782113713101,13.264055252075195,-65
1782113713116,13.641499519348145,-65
1782113713125,13.720138549804688,-65
1782113713135,14.02691650390625,-65
1782113713147,13.641695976257324,-65
1782113713156,13.757673263549805,-65
1782113713167,13.201744079589844,-66
1782113713180,13.107650756835938,-66
1782113713191,12.986064910888672,-66
1782113713201,12.87026596069336,-66
1782113713219,12.236658096313477,-66
1782113713228,12.335451126098633,-67
1782113713238,11.820686340332031,-67
1782113713247,11.243969917297363,-67
1782113713256,9.2744140625,-67
1782113713265,10.666497230529785,-68
1782113713276,9.046828269958496,-68
1782113713287,9.146835327148438,-68
1782113713298,11.03344440460205,-68
1782113713310,10.627348899841309,-68
1782113713321,10.698334693908691,-68
1782113713333,10.711055755615234,-68
1782113713343,10.745869636535645,-67
1782113713355,10.827632904052734,-68
1782113713366,10.589888572692871,-68
1782113713380,9.17408275604248,-67
1782113713390,10.47689151763916,-67
1782113713400,11.15238094329834,-67
1782113713409,8.915872573852539,-67
1782113713423,8.692319869995117,-67
1782113713442,8.680218696594238,-67
1782113713453,8.57497787475586,-67
1782113713463,8.679252624511719,-67
1782113713488,8.418895721435547,-67
1782113713498,8.361318588256836,-67
1782113713507,7.973711967468262,-68
1782113713525,7.926782131195068,-68
1782113713533,8.059235572814941,-68
1782113713542,9.218605995178223,-68
1782113713551,7.640136241912842,-68
1782113713563,7.709944248199463,-69
1782113713576,7.85145902633667,-69
1782113713585,7.718153476715088,-68
1782113713596,7.954469680786133,-68
1782113713606,8.64096736907959,-69
1782113713627,10.0463285446167,-68
1782113713636,8.591623306274414,-68
1782113713644,8.84951114654541,-68
1782113713653,8.930890083312988,-68
1782113713673,10.485227584838867,-68
1782113713685,8.785110473632812,-68
1782113713695,8.761313438415527,-68
1782113713706,8.195626258850098,-68
1782113713717,7.985830307006836,-68
1782113713730,7.552481651306152,-68
1782113713739,7.6840314865112305,-68
1782113713750,7.742741584777832,-69
1782113713762,7.367928504943848,-69
1782113713771,7.262856960296631,-69
1782113713783,7.494017124176025,-68
1782113713794,8.001423835754395,-68
1782113713806,8.662075996398926,-67
1782113713816,10.698009490966797,-67
1782113713832,11.22848892211914,-66
1782113713842,11.018416404724121,-66
1782113713853,11.277338027954102,-66
1782113713864,11.08292293548584,-66
1782113713873,10.885765075683594,-66
1782113713885,10.726999282836914,-66
1782113713893,10.557251930236816,-66
1782113713904,10.325427055358887,-66
1782113713915,10.441902160644531,-66
1782113713934,9.760242462158203,-67
1782113713943,8.561369895935059,-67
1782113713952,9.771639823913574,-67
1782113713962,10.286452293395996,-67
1782113713970,10.366767883300781,-67
1782113713981,10.528008460998535,-67
1782113713994,10.96157169342041,-66
1782113714004,11.0628662109375,-66
1782113714016,12.080476760864258,-66
1782113714029,11.357535362243652,-66
1782113714037,11.483311653137207,-66
1782113714047,11.54959487915039,-66
1782113714058,11.78385066986084,-66
1782113714069,11.849470138549805,-66
1782113714079,12.331809997558594,-66
1782113714091,12.122800827026367,-66
1782113714102,12.407301902770996,-65
1782113714113,12.333039283752441,-65
1782113714124,12.51345157623291,-66
1782113714141,12.75036334991455,-66
1782113714149,12.524658203125,-66
1782113714159,12.600022315979004,-66
1782113714168,13.400897026062012,-66
1782113714179,15.3685302734375,-66
1782113714191,12.620914459228516,-66
1782113714202,12.59560489654541,-66
1782113714212,12.477527618408203,-66
1782113714224,12.22431468963623,-66
1782113714243,11.93194580078125,-66
1782113714252,11.8606538772583,-66
1782113714262,11.661850929260254,-66
1782113714278,11.316924095153809,-67
1782113714289,11.139169692993164,-67
1782113714300,10.959178924560547,-67
1782113714310,10.719452857971191,-67
1782113714322,11.568251609802246,-67
1782113714334,10.474915504455566,-67
1782113714346,10.72995376586914,-67
1782113714355,10.324710845947266,-67
1782113714367,8.889202117919922,-67
1782113714377,10.236268043518066,-67
1782113714388,10.292793273925781,-67
1782113714399,10.055408477783203,-67
1782113714412,10.198348045349121,-67
1782113714421,8.582991600036621,-67
1782113714431,9.758259773254395,-67
1782113714446,8.48094654083252,-67
1782113714455,8.451522827148438,-67
1782113714465,8.262848854064941,-67
1782113714476,10.273680686950684,-68
1782113714486,9.804288864135742,-67
1782113714508,8.643099784851074,-67
1782113714522,10.093276977539062,-67
1782113714532,10.192520141601562,-67
1782113714550,10.5410795211792,-67
1782113714559,10.206438064575195,-67
1782113714567,9.126569747924805,-67
1782113714577,10.537763595581055,-67
1782113714588,10.696277618408203,-67
1782113714597,10.875105857849121,-67
1782113714609,9.629940032958984,-68
1782113714619,10.872220039367676,-68
1782113714629,10.97854232788086,-68
1782113714640,9.380472183227539,-68
1782113714655,10.808417320251465,-68
1782113714665,10.554947853088379,-69
1782113714675,10.24144458770752,-69
1782113714685,8.774785041809082,-69
1782113714695,8.355035781860352,-70
1782113714707,8.240815162658691,-70
1782113714718,7.6193766593933105,-70
1782113714728,7.432917594909668,-70
1782113714739,7.375480651855469,-71
1782113714761,7.272294998168945,-71
1782113714772,7.501918792724609,-71
1782113714784,7.733865261077881,-71
1782113714794,7.40862512588501,-70
1782113714805,7.567045211791992,-70
1782113714817,7.578709602355957,-70
1782113714829,7.340689659118652,-71
1782113714838,7.145602226257324,-71
1782113714857,7.109048366546631,-71
1782113714865,7.062218189239502,-71
1782113714873,7.128748893737793,-71
1782113714882,7.110560417175293,-71
1782113714893,7.22943639755249,-71
1782113714906,7.5047526359558105,-71
1782113714916,7.668618202209473,-71
1782113714926,8.254390716552734,-70
1782113714937,9.607398986816406,-70
1782113714948,8.718179702758789,-70
1782113714960,9.104918479919434,-70
1782113714972,10.655902862548828,-70
1782113714981,10.617010116577148,-70
1782113714992,10.600763320922852,-70
1782113715004,9.293219566345215,-70
1782113715016,10.721696853637695,-70
1782113715026,10.891857147216797,-70
1782113715037,10.953753471374512,-69
1782113715047,10.909743309020996,-69
1782113715061,10.922757148742676,-69
1782113715070,10.972166061401367,-69
1782113715080,9.170511245727539,-69
1782113715091,10.519155502319336,-70
1782113715104,9.058612823486328,-70
1782113715114,10.252845764160156,-70
1782113715125,10.19261646270752,-70
1782113715137,10.109776496887207,-70
1782113715147,10.074507713317871,-70
1782113715163,8.314713478088379,-71
1782113715171,7.982004642486572,-71
1782113715180,7.707942962646484,-71
1782113715190,7.695523262023926,-72
1782113715201,7.268026828765869,-72
1782113715214,6.745131492614746,-73
1782113715223,6.560830593109131,-73
1782113715234,6.283124923706055,-74
1782113715245,6.259365081787109,-75
1782113715266,5.964529991149902,-75
1782113715274,5.842233657836914,-75
1782113715283,5.828283786773682,-75
1782113715291,5.625342845916748,-75
1782113715300,5.5388102531433105,-75
1782113715311,5.336880683898926,-75
1782113715323,4.965086460113525,-75
1782113715333,4.872948169708252,-76
1782113715345,4.787444591522217,-76
1782113715355,4.704032897949219,-76
1782113715368,4.704202651977539,-76
1782113715377,4.475752830505371,-76
1782113715388,4.527535915374756,-76
1782113715398,4.587458610534668,-75
1782113715410,4.493729591369629,-75
1782113715421,4.533455848693848,-74
1782113715432,4.323713779449463,-74
1782113715443,4.448090553283691,-75
1782113715454,4.185133457183838,-74
1782113715471,4.199413776397705,-75
1782113715479,4.175126552581787,-75
1782113715488,3.8455495834350586,-75
1782113715505,3.60526442527771,-76
1782113715514,3.668626308441162,-77
1782113715522,3.4301106929779053,-78
1782113715531,3.188833236694336,-79
1782113715543,3.081388235092163,-80
1782113715554,3.117462396621704,-80
1782113715572,2.9474704265594482,-84
1782113715581,3.065556526184082,-85
1782113715588,3.2404017448425293,-86
1782113715596,3.0137181282043457,-87
1782113715608,3.099029064178467,-87
1782113715619,3.0318005084991455,-87
1782113715630,2.4724862575531006,-85
1782113715641,2.3075780868530273,-83
1782113715663,2.288864850997925,-80
1782113715675,2.3366379737854004,-79
1782113715685,2.41542911529541,-78
1782113715696,2.5337412357330322,-77
1782113715708,2.7155373096466064,-77
1782113715719,2.834282875061035,-76
1782113715729,3.0000107288360596,-76
1782113715741,3.1299514770507812,-75
1782113715751,3.2763772010803223,-74
1782113715761,3.4838614463806152,-74
1782113715784,4.250288963317871,-73
1782113715795,4.5908989906311035,-73
1782113715806,4.901484966278076,-73
1782113715818,5.042547702789307,-72
1782113715828,5.4077630043029785,-72
1782113715839,5.821359634399414,-72
1782113715853,6.033143520355225,-72
1782113715861,6.223906517028809,-71
1782113715880,6.306386947631836,-72
1782113715889,6.416505336761475,-71
1782113715896,6.310766220092773,-71
1782113715905,6.375123977661133,-71
1782113715916,6.491118907928467,-71
1782113715927,6.66447114944458,-70
1782113715938,6.998939037322998,-70
1782113715949,7.555551528930664,-69
1782113715961,9.31838321685791,-69
1782113715971,7.802084922790527,-69
1782113715982,7.829590797424316,-70
1782113715993,7.6527934074401855,-70
1782113716005,7.211958885192871,-71
1782113716016,7.154296875,-71
1782113716027,7.233642101287842,-71
1782113716037,7.165371894836426,-71
1782113716049,7.031163215637207,-71
1782113716059,6.972160816192627,-71
1782113716070,7.111451625823975,-71
1782113716084,7.118442535400391,-71
1782113716093,7.117327690124512,-71
1782113716104,6.963340759277344,-70
1782113716115,7.099819660186768,-70
1782113716125,7.110802173614502,-70
1782113716137,7.183598518371582,-70
1782113716149,7.358964920043945,-69
1782113716161,7.679457664489746,-69
1782113716170,8.191939353942871,-69
1782113716187,8.297863960266113,-69
1782113716196,8.507547378540039,-69
1782113716204,8.528016090393066,-69
1782113716213,8.646798133850098,-69
1782113716226,8.958398818969727,-68
1782113716236,10.776399612426758,-68
1782113716247,10.867607116699219,-68
1782113716258,11.188522338867188,-67
1782113716270,12.1376314163208,-67
1782113716280,11.745926856994629,-67
1782113716292,12.332113265991211,-67
1782113716305,12.398460388183594,-67
1782113716313,12.39748477935791,-67
1782113716324,12.582367897033691,-67
1782113716335,12.221271514892578,-67
1782113716346,12.075825691223145,-67
1782113716357,11.547782897949219,-68
1782113716369,11.301321029663086,-68
1782113716394,10.911955833435059,-68
1782113716403,9.113231658935547,-68
1782113716412,10.72337818145752,-68
1782113716421,10.963109970092773,-67
1782113716431,11.3100004196167,-67
1782113716440,11.727399826049805,-67
1782113716450,11.978254318237305,-66
1782113716459,12.441232681274414,-66
1782113716469,13.095452308654785,-65
1782113716478,13.883770942687988,-65
1782113716495,14.8958740234375,-65
1782113716505,14.795027732849121,-65
1782113716514,15.133055686950684,-64
1782113716524,15.456819534301758,-64
1782113716539,15.657879829406738,-65
1782113716548,15.503771781921387,-65
1782113716557,15.330076217651367,-65
1782113716567,14.890766143798828,-66
1782113716578,15.61070728302002,-66
1782113716598,13.891814231872559,-67
1782113716608,13.761935234069824,-67
1782113716617,13.176861763000488,-67
1782113716627,12.536558151245117,-68
1782113716636,12.255607604980469,-67
1782113716646,11.934083938598633,-67
1782113716655,12.092985153198242,-67
1782113716666,11.982074737548828,-67
1782113716676,12.216872215270996,-66
1782113716688,12.71855640411377,-66
1782113716700,13.040658950805664,-65
1782113716710,13.558794021606445,-65
1782113716721,13.845727920532227,-65
1782113716732,14.187731742858887,-65
1782113716742,13.925539016723633,-65
1782113716754,14.20952320098877,-65
1782113716765,14.376546859741211,-65
1782113716781,15.098201751708984,-65
1782113716790,14.488465309143066,-65
1782113716804,14.39852523803711,-65
1782113716813,14.485276222229004,-65
1782113716823,13.96133804321289,-65
1782113716832,13.81727123260498,-65
1782113716841,13.870710372924805,-65
1782113716853,14.050361633300781,-65
1782113716863,14.294878959655762,-65
1782113716875,14.279053688049316,-64
1782113716886,14.83881664276123,-64
1782113716907,15.65729808807373,-64
1782113716917,15.41850757598877,-64
1782113716926,15.850794792175293,-64
1782113716936,16.29728126525879,-64
1782113716947,16.53926658630371,-64
1782113716957,16.677581787109375,-64
1782113716967,17.006729125976562,-64
1782113716977,16.88035011291504,-64
1782113716987,17.13355827331543,-64
1782113716997,16.702194213867188,-64
1782113717008,16.242244720458984,-65
1782113717019,15.899801254272461,-64
1782113717029,16.005722045898438,-65
1782113717040,15.631616592407227,-64
1782113717050,15.717560768127441,-64
1782113717062,15.750313758850098,-64
1782113717072,15.700936317443848,-64
1782113717083,15.661086082458496,-64
1782113717110,15.943150520324707,-64
1782113717121,15.96117877960205,-64
1782113717130,16.196788787841797,-64
1782113717139,17.318374633789062,-64
1782113717150,17.01915740966797,-64
1782113717160,17.206077575683594,-63
1782113717173,17.441743850708008,-64
1782113717183,17.3712215423584,-63
1782113717193,17.87677574157715,-64
1782113717213,17.6075382232666,-63
1782113717224,17.784679412841797,-63
1782113717234,17.796628952026367,-63
1782113717243,18.180255889892578,-63
1782113717253,17.973752975463867,-63
1782113717264,17.71161651611328,-63
1782113717274,17.86175537109375,-63
1782113717284,17.734798431396484,-64
1782113717294,18.366514205932617,-63
1782113717304,17.720657348632812,-64
1782113717316,17.588092803955078,-64
1782113717326,17.729129791259766,-64
1782113717336,17.734378814697266,-64
1782113717347,17.64180564880371,-64
1782113717359,17.85683250427246,-64
1782113717370,17.703472137451172,-64
1782113717382,17.872262954711914,-64
1782113717393,17.675111770629883,-63
1782113717403,17.67976188659668,-64
1782113717417,17.577665328979492,-64
1782113717426,17.446012496948242,-64
1782113717437,17.254159927368164,-64
1782113717448,17.20515251159668,-64
1782113717458,17.186365127563477,-64
1782113717471,16.697673797607422,-64
1782113717481,16.55755615234375,-64
1782113717492,16.419248580932617,-64
1782113717504,16.186397552490234,-64
1782113717524,16.081640243530273,-64
1782113717534,15.908193588256836,-64
1782113717543,15.850740432739258,-64
1782113717553,15.748885154724121,-64
1782113717562,16.046573638916016,-64
1782113717572,15.880376815795898,-64
1782113717581,15.894970893859863,-64
1782113717592,15.83178424835205,-65
1782113717601,16.575511932373047,-64
1782113717613,16.095775604248047,-64
1782113717623,16.255651473999023,-64
1782113717634,16.510303497314453,-64
1782113717645,16.51834487915039,-64
1782113717655,17.0208797454834,-64
1782113717667,16.821596145629883,-64
1782113717677,16.68333625793457,-64
1782113717692,16.883792877197266,-64
1782113717702,16.573699951171875,-64
1782113717712,16.348854064941406,-65
1782113717724,16.10068702697754,-65
1782113717734,15.833074569702148,-65
1782113717743,15.809983253479004,-65
1782113717755,15.891525268554688,-65
1782113717765,15.330164909362793,-66
1782113717776,15.388496398925781,-66
1782113717788,15.505711555480957,-65
1782113717799,15.659896850585938,-65
1782113717809,17.477279663085938,-65
1782113717829,15.873588562011719,-65
1782113717839,15.961536407470703,-65
1782113717848,15.925415992736816,-64
1782113717858,15.983662605285645,-64
1782113717868,15.991042137145996,-64
1782113717880,15.575132369995117,-65
1782113717890,15.5206937789917,-65
1782113717899,15.099515914916992,-65
1782113717910,15.119133949279785,-65
1782113717921,15.004591941833496,-65
1782113717931,15.232160568237305,-65
1782113717943,15.499818801879883,-65
1782113717953,15.885347366333008,-64
1782113717963,15.877450942993164,-64
1782113717975,16.069969177246094,-64
1782113717986,16.136524200439453,-64
1782113717996,16.283935546875,-64
1782113718008,16.374134063720703,-64
1782113718021,16.79660987854004,-64
1782113718032,16.474374771118164,-64
1782113718042,16.813615798950195,-64
1782113718052,17.028827667236328,-64
1782113718062,17.217636108398438,-64
1782113718073,17.389556884765625,-64
1782113718085,17.829978942871094,-64
1782113718095,18.008953094482422,-64
1782113718108,17.855506896972656,-64
1782113718118,17.802385330200195,-64
1782113718136,17.82951545715332,-64
1782113718146,17.586990356445312,-64
1782113718157,17.613712310791016,-64
1782113718167,17.686260223388672,-64
1782113718180,17.89508628845215,-64
1782113718187,18.1528263092041,-64
1782113718197,18.389101028442383,-63
1782113718206,19.001399993896484,-63
1782113718216,18.9424991607666,-63
1782113718238,18.654720306396484,-63
1782113718251,18.386119842529297,-63
1782113718261,18.256271362304688,-63
1782113718271,18.227039337158203,-63
1782113718283,18.07147979736328,-64
1782113718294,17.995216369628906,-64
1782113718305,17.79771614074707,-64
1782113718316,18.467824935913086,-63
1782113718326,17.702611923217773,-64
1782113718347,17.695402145385742,-64
1782113718351,17.742332458496094,-64
1782113718360,17.548473358154297,-64
1782113718370,17.831857681274414,-64
1782113718382,17.391708374023438,-64
1782113718393,17.790691375732422,-64
1782113718404,17.53373146057129,-64
1782113718414,17.50713539123535,-64
1782113718425,17.463851928710938,-64
1782113718442,17.010610580444336,-64
1782113718458,16.805805206298828,-64
1782113718473,17.115867614746094,-64
1782113718501,16.455854415893555,-64
1782113718505,16.31041145324707,-64
1782113718509,16.23908805847168,-65
1782113718517,16.105098724365234,-65
1782113718528,16.058958053588867,-65
1782113718544,16.027690887451172,-65
1782113718553,15.902219772338867,-65
1782113718563,15.949324607849121,-65
1782113718574,16.064916610717773,-65
1782113718583,16.08776092529297,-65
1782113718594,15.928082466125488,-65
1782113718604,16.09440040588379,-65
1782113718613,15.8157958984375,-65
1782113718624,16.1934814453125,-64
1782113718634,16.488616943359375,-64
1782113718649,16.80003547668457,-64
1782113718658,16.756067276000977,-64
1782113718668,16.616046905517578,-64
1782113718678,16.702543258666992,-64
1782113718690,16.361438751220703,-64
1782113718701,16.394987106323242,-64
1782113718714,16.253353118896484,-64
1782113718725,16.3159236907959,-64
1782113718734,16.40214729309082,-64
1782113718749,16.493793487548828,-64
1782113718758,16.651283264160156,-64
1782113718768,16.191587448120117,-64
1782113718779,17.01871109008789,-64
1782113718790,15.975637435913086,-64
1782113718801,15.931159019470215,-64
1782113718814,15.768985748291016,-65
1782113718824,15.540616035461426,-65
1782113718837,15.519761085510254,-65
1782113718851,15.494518280029297,-65
1782113718861,15.412816047668457,-65
1782113718871,15.486126899719238,-65
1782113718881,15.310591697692871,-65
1782113718891,15.3347806930542,-65
1782113718901,15.19275951385498,-65
1782113718910,14.819853782653809,-65
1782113718921,14.660608291625977,-65
1782113718931,14.969364166259766,-65
1782113718942,14.714446067810059,-65
1782113718955,14.521562576293945,-65
1782113718966,14.15201187133789,-65
1782113718976,14.102575302124023,-65
1782113718986,14.011663436889648,-65
1782113718998,14.1910400390625,-64
1782113719010,14.396059036254883,-64
1782113719020,14.395508766174316,-64
1782113719035,14.76425552368164,-64
1782113719046,14.891353607177734,-64
1782113719056,15.106446266174316,-64
1782113719065,15.00893783569336,-64
1782113719076,15.397191047668457,-64
1782113719091,15.386035919189453,-65
1782113719106,15.313276290893555,-64
1782113719112,15.344849586486816,-64
1782113719121,15.560961723327637,-65
1782113719131,16.081050872802734,-64
1782113719140,16.381563186645508,-64
1782113719158,16.796411514282227,-64
1782113719168,16.530244827270508,-64
1782113719178,16.727230072021484,-64
1782113719187,16.83797264099121,-64
1782113719197,16.492897033691406,-64
1782113719208,16.26927947998047,-64
1782113719219,16.08249855041504,-64
1782113719228,15.891454696655273,-64
1782113719240,16.782140731811523,-64
1782113719251,15.601858139038086,-64
1782113719262,15.471549034118652,-64
1782113719273,15.356424331665039,-64
1782113719283,15.352306365966797,-65
1782113719294,14.65291976928711,-65
1782113719305,15.186141014099121,-65
1782113719317,15.190353393554688,-65
1782113719327,15.184137344360352,-65
1782113719339,15.346502304077148,-65
1782113719349,15.441032409667969,-65
1782113719362,15.38753604888916,-65
1782113719373,15.290719985961914,-65
1782113719383,15.481698036193848,-65
1782113719393,15.546759605407715,-65
1782113719409,15.271735191345215,-65
1782113719419,15.305400848388672,-65
1782113719428,15.07364559173584,-65
1782113719438,15.046746253967285,-65
1782113719449,14.960917472839355,-65
1782113719465,15.225672721862793,-65
1782113719474,14.905999183654785,-65
1782113719484,15.11843204498291,-65
1782113719498,15.077497482299805,-65
1782113719508,14.708984375,-65
1782113719518,14.522933006286621,-65
1782113719529,14.429567337036133,-65
1782113719541,14.596668243408203,-65
1782113719551,14.165895462036133,-65
1782113719568,13.879169464111328,-65
1782113719577,13.901704788208008,-65
1782113719587,13.850297927856445,-65
1782113719596,13.780476570129395,-65
1782113719606,13.899828910827637,-65
1782113719616,13.69681453704834,-65
1782113719626,13.7815580368042,-65
1782113719636,13.762694358825684,-65
1782113719648,14.415651321411133,-65
1782113719657,13.6567964553833,-65
1782113719670,13.622525215148926,-65
1782113719680,13.657240867614746,-65
1782113719690,13.481346130371094,-65
1782113719701,13.350455284118652,-65
1782113719711,13.060032844543457,-65
1782113719724,12.951399803161621,-66
1782113719734,12.921209335327148,-66
1782113719744,12.654853820800781,-66
1782113719756,12.601210594177246,-66
1782113719772,12.703177452087402,-66
1782113719782,12.7009916305542,-66
1782113719791,12.808362007141113,-67
1782113719800,13.059428215026855,-66
1782113719823,13.038193702697754,-66
1782113719833,13.142775535583496,-66
1782113719845,13.273344039916992,-66
1782113719857,13.52816104888916,-66
1782113719875,13.38833999633789,-65
1782113719884,13.501482963562012,-65
1782113719894,13.509592056274414,-65
1782113719903,13.313776016235352,-65
1782113719912,13.49593734741211,-65
1782113719922,13.457549095153809,-65
1782113719932,13.552216529846191,-65
1782113719943,13.49331283569336,-65
1782113719955,14.043349266052246,-65
1782113719965,13.499024391174316,-65
1782113719978,13.367000579833984,-66
1782113719989,13.502030372619629,-66
1782113719998,13.963769912719727,-66
1782113720009,14.085907936096191,-66
1782113720020,14.56076717376709,-66
1782113720032,15.181872367858887,-66
1782113720043,15.195719718933105,-66
1782113720054,15.52103042602539,-65
1782113720065,15.591586112976074,-65
1782113720080,15.332801818847656,-65
1782113720089,14.970662117004395,-66
1782113720098,14.346485137939453,-66
1782113720108,14.273012161254883,-66
1782113720119,12.645759582519531,-67
1782113720130,11.93875503540039,-68
1782113720141,11.451040267944336,-68
1782113720163,11.542054176330566,-68
1782113720182,11.863293647766113,-69
1782113720191,11.761331558227539,-68
1782113720200,12.094247817993164,-68
1782113720209,12.11853313446045,-68
1782113720221,12.587568283081055,-68
1782113720234,12.611684799194336,-68
1782113720243,12.70077896118164,-67
1782113720252,12.682876586914062,-67
1782113720263,13.094229698181152,-67
1782113720274,12.393013000488281,-67
1782113720286,12.735350608825684,-67
1782113720296,12.881210327148438,-67
1782113720307,12.975421905517578,-66
1782113720316,13.408595085144043,-66
1782113720328,12.926011085510254,-66
1782113720340,12.968152046203613,-66
1782113720349,12.876385688781738,-66
1782113720363,13.639966011047363,-67
1782113720373,13.39726734161377,-67
1782113720387,13.676414489746094,-67
1782113720397,13.85828685760498,-67
1782113720406,14.4855375289917,-66
1782113720416,14.408308029174805,-66
1782113720427,14.01393985748291,-66
1782113720438,13.850351333618164,-66
1782113720449,13.582683563232422,-66
1782113720462,13.720304489135742,-66
1782113720471,13.723380088806152,-67
1782113720489,13.6032133102417,-67
1782113720499,13.487707138061523,-67
1782113720509,13.336767196655273,-67
1782113720519,13.315350532531738,-66
1782113720529,13.114727020263672,-66
1782113720539,12.797086715698242,-67
1782113720549,12.66585636138916,-66
1782113720559,12.627999305725098,-67
1782113720571,13.584491729736328,-67
1782113720580,12.51699447631836,-66
1782113720591,12.414103507995605,-66
1782113720603,12.07906723022461,-66
1782113720614,12.142226219177246,-67
1782113720625,12.103837013244629,-67
1782113720635,11.890416145324707,-67
1782113720650,11.891027450561523,-67
1782113720660,11.959074020385742,-67
1782113720669,12.474109649658203,-67
1782113720681,12.734302520751953,-67
1782113720706,13.066742897033691,-67
1782113720715,13.023821830749512,-67
1782113720724,13.242673873901367,-67
1782113720735,13.199808120727539,-67
1782113720747,13.453627586364746,-67
1782113720756,13.317425727844238,-67
1782113720769,13.81348705291748,-66
1782113720780,12.786715507507324,-67
1782113720798,12.316784858703613,-67
1782113720807,12.34862232208252,-67
1782113720817,11.920522689819336,-68
1782113720828,11.78015422821045,-68
1782113720836,11.827013969421387,-68
1782113720846,11.884326934814453,-68
1782113720857,12.047992706298828,-68
1782113720871,12.5310640335083,-68
1782113720879,12.780080795288086,-67
1782113720889,12.970865249633789,-67
1782113720901,13.583843231201172,-67
1782113720912,13.398730278015137,-67
1782113720923,13.557650566101074,-67
1782113720933,14.078453063964844,-67
1782113720944,13.970076560974121,-67
1782113720956,14.05765438079834,-66
1782113720966,14.031497955322266,-67
1782113720981,13.492319107055664,-67
1782113720990,13.3162202835083,-67
1782113721002,13.148577690124512,-67
1782113721012,13.035100936889648,-67
1782113721021,12.8098783493042,-67
1782113721034,12.588724136352539,-67
1782113721042,12.361064910888672,-67
1782113721054,12.264097213745117,-67
1782113721064,12.227749824523926,-68
1782113721077,12.24791431427002,-68
1782113721087,12.25422191619873,-68
1782113721103,12.466418266296387,-68
1782113721114,12.450730323791504,-68
1782113721124,12.516690254211426,-68
1782113721134,12.808547019958496,-68
1782113721144,12.284721374511719,-68
1782113721154,12.026264190673828,-68
1782113721163,11.915767669677734,-68
1782113721174,11.893109321594238,-68
1782113721186,11.669082641601562,-68
1782113721205,11.377250671386719,-68
1782113721213,9.698180198669434,-68
1782113721222,10.987264633178711,-68
1782113721231,8.998710632324219,-69
1782113721240,8.985419273376465,-69
1782113721251,8.780460357666016,-69
1782113721262,8.650975227355957,-69
1782113721275,8.866403579711914,-69
1782113721285,9.428118705749512,-69
1782113721297,9.726299285888672,-69
1782113721307,11.596139907836914,-68
1782113721318,12.071881294250488,-68
1782113721329,12.095961570739746,-67
1782113721340,12.157962799072266,-67
1782113721351,11.95785140991211,-67
1782113721362,11.897366523742676,-67
1782113721372,11.398767471313477,-67
1782113721383,11.305401802062988,-68
1782113721394,10.915364265441895,-68
1782113721410,10.843657493591309,-68
1782113721419,10.941993713378906,-68
1782113721428,10.845187187194824,-68
1782113721439,11.074621200561523,-68
1782113721450,10.71413516998291,-68
1782113721461,10.480337142944336,-68
1782113721471,9.011192321777344,-69
1782113721486,8.67843246459961,-69
1782113721515,8.112442970275879,-70
1782113721526,7.912856578826904,-70
1782113721538,7.828295707702637,-70
1782113721550,7.880283832550049,-70
1782113721559,8.209540367126465,-70
1782113721570,7.8224568367004395,-70
1782113721581,7.918269634246826,-71
1782113721593,9.681306838989258,-71
1782113721604,8.106742858886719,-71
1782113721615,8.144705772399902,-71
1782113721625,7.877044677734375,-72
1782113721637,7.7834153175354,-72
1782113721647,7.910008430480957,-72
1782113721659,7.869965076446533,-72
1782113721668,7.747180461883545,-73
1782113721682,7.4440436363220215,-72
1782113721691,7.580916881561279,-73
1782113721702,7.6392717361450195,-73
1782113721717,7.3304243087768555,-73
1782113721725,7.611210346221924,-73
1782113721734,7.405910015106201,-73
1782113721746,7.309615612030029,-73
1782113721757,7.280229568481445,-74
1782113721769,7.4172844886779785,-73
1782113721785,7.192811965942383,-73
1782113721793,6.902833938598633,-74
1782113721801,6.895899772644043,-74
1782113721820,6.477877616882324,-74
1782113721828,6.337713718414307,-74
1782113721836,6.378998279571533,-74
1782113721844,6.254589557647705,-74
1782113721857,6.294534206390381,-74
1782113721867,6.070314407348633,-75
1782113721878,6.097314834594727,-75
1782113721890,6.016526699066162,-75
1782113721900,6.152405738830566,-74
1782113721922,5.800865173339844,-74
1782113721930,5.844544410705566,-74
1782113721939,5.912253379821777,-74
1782113721947,5.933969974517822,-74
1782113721954,5.780313014984131,-73
1782113721965,5.748192310333252,-74
1782113721979,5.91289758682251,-73
1782113721988,5.910798072814941,-73
1782113722000,5.925442695617676,-73
1782113722010,5.99683141708374,-73
1782113722024,5.927440643310547,-73
1782113722036,5.881585597991943,-73
1782113722045,5.652065277099609,-73
1782113722054,5.645705699920654,-73
1782113722064,5.8245673179626465,-73
1782113722092,5.6417059898376465,-73
1782113722100,5.7366461753845215,-73
1782113722108,5.847747802734375,-73
1782113722129,5.684408664703369,-74
1782113722136,5.815195083618164,-74
1782113722144,5.850778102874756,-74
1782113722153,6.187480926513672,-74
1782113722165,6.24691915512085,-73
1782113722178,6.448786735534668,-73
1782113722185,6.842469692230225,-72
1782113722197,7.325006008148193,-72
1782113722209,9.672645568847656,-71
1782113722219,8.220608711242676,-70
1782113722230,8.737486839294434,-70
1782113722243,10.779657363891602,-69
1782113722251,11.419567108154297,-68
1782113722266,12.316195487976074,-67
1782113722276,12.922110557556152,-67
1782113722285,13.260705947875977,-66
1782113722297,13.687232971191406,-66
1782113722308,14.028337478637695,-66
1782113722323,14.679034233093262,-65
1782113722336,14.84756851196289,-65
1782113722346,14.706961631774902,-65
1782113722355,14.884600639343262,-65
1782113722364,14.685879707336426,-65
1782113722374,14.587065696716309,-66
1782113722389,14.525863647460938,-66
1782113722399,14.332791328430176,-66
1782113722407,14.511587142944336,-66
1782113722418,13.87714672088623,-67
1782113722435,13.343668937683105,-67
1782113722445,13.355300903320312,-67
1782113722455,12.954680442810059,-68
1782113722465,12.700385093688965,-68
1782113722476,11.830035209655762,-68
1782113722485,11.482385635375977,-68
1782113722498,11.015668869018555,-68
1782113722507,10.677919387817383,-68
1782113722516,8.693377494812012,-68
1782113722539,8.09217357635498,-69
1782113722548,8.257092475891113,-69
1782113722561,7.607410430908203,-69
1782113722571,7.7983479499816895,-69
1782113722583,7.4574480056762695,-70
1782113722597,7.522278785705566,-70
1782113722606,7.918522357940674,-70
1782113722616,9.39435863494873,-70
1782113722626,8.411311149597168,-70
1782113722642,9.012486457824707,-70
1782113722651,10.739212989807129,-69
1782113722660,10.93844223022461,-70
1782113722681,10.734803199768066,-70
1782113722692,10.488020896911621,-70
1782113722703,8.438594818115234,-70
1782113722714,7.802473068237305,-71
1782113722725,7.040684223175049,-72
1782113722750,7.176156044006348,-73
1782113722759,7.185101509094238,-73
1782113722769,8.373303413391113,-72
1782113722780,10.555988311767578,-71
1782113722794,12.346174240112305,-69
1782113722805,13.7852201461792,-68
1782113722814,15.36000919342041,-67
1782113722826,16.672199249267578,-66
1782113722844,17.968488693237305,-65
1782113722854,18.092731475830078,-65
1782113722864,18.749685287475586,-65
1782113722874,18.766389846801758,-65
1782113722883,19.265640258789062,-65
1782113722893,18.766639709472656,-65
1782113722904,18.809677124023438,-65
1782113722912,18.784500122070312,-65
1782113722924,19.335960388183594,-65
1782113722935,18.62353515625,-65
1782113722948,19.01032257080078,-65
1782113722958,19.099313735961914,-65
1782113722979,19.6555118560791,-65
1782113722990,19.578882217407227,-64
1782113722999,19.9499568939209,-64
1782113723009,19.98792839050293,-64
1782113723018,20.437149047851562,-64
1782113723029,20.653587341308594,-64
1782113723038,20.943538665771484,-64
1782113723050,20.439680099487305,-64
1782113723060,20.789058685302734,-64
1782113723070,20.73631477355957,-64
1782113723080,21.149065017700195,-64
1782113723090,20.09854507446289,-64
1782113723100,20.08687973022461,-64
1782113723114,19.540813446044922,-64
1782113723124,19.398595809936523,-65
1782113723133,19.04900550842285,-65
1782113723152,18.66023063659668,-65
1782113723163,18.801965713500977,-65
1782113723173,18.23488426208496,-65
1782113723182,18.11382293701172,-65
1782113723192,18.012788772583008,-65
1782113723202,17.645387649536133,-65
1782113723211,17.497365951538086,-65
1782113723227,17.053260803222656,-65
1782113723237,17.079975128173828,-65
1782113723246,16.949848175048828,-65
1782113723256,16.4492130279541,-65
1782113723267,16.27359962463379,-66
1782113723277,16.016551971435547,-66
1782113723287,16.06659698486328,-66
1782113723298,15.836897850036621,-66
1782113723308,15.65160083770752,-66
1782113723320,15.589559555053711,-66
1782113723333,15.612317085266113,-66
1782113723343,15.388421058654785,-66
1782113723356,15.370267868041992,-66
1782113723366,15.152303695678711,-66
1782113723376,15.24587345123291,-66
1782113723386,15.249879837036133,-66
1782113723398,15.133338928222656,-66
1782113723410,15.083868980407715,-66
1782113723437,15.117663383483887,-66
1782113723440,15.224994659423828,-66
1782113723449,15.004706382751465,-66
1782113723463,15.275755882263184,-67
1782113723473,15.12936019897461,-66
1782113723483,15.192770004272461,-66
1782113723493,15.247775077819824,-66
1782113723503,15.271769523620605,-67
1782113723513,15.368029594421387,-67
1782113723523,15.297459602355957,-67
1782113723533,15.495903015136719,-67
1782113723543,16.026090621948242,-67
1782113723554,15.121541023254395,-67
1782113723563,15.120896339416504,-67
1782113723573,14.987552642822266,-67
1782113723584,14.68553638458252,-67
1782113723596,14.41727066040039,-67
1782113723607,14.378192901611328,-68
1782113723617,13.961421966552734,-68
1782113723629,13.815498352050781,-68
1782113723639,14.054913520812988,-68
1782113723652,13.961139678955078,-68
1782113723663,14.05614948272705,-68
1782113723674,14.416522979736328,-68
1782113723684,14.384634017944336,-68
1782113723696,14.898533821105957,-68
1782113723705,15.29448413848877,-67
1782113723716,15.78577709197998,-67
1782113723729,16.532127380371094,-66
1782113723739,17.25290870666504,-66
1782113723750,17.533647537231445,-66
1782113723765,18.331207275390625,-65
1782113723776,18.41752815246582,-65
1782113723787,19.2625732421875,-65
1782113723797,19.748634338378906,-64
1782113723807,19.65712547302246,-64
1782113723816,19.882957458496094,-64
1782113723826,19.927181243896484,-64
1782113723837,20.144412994384766,-64
1782113723849,20.14632797241211,-64
1782113723860,20.205049514770508,-64
1782113723871,20.180782318115234,-63
1782113723881,19.873992919921875,-64
1782113723893,20.07903289794922,-63
1782113723903,19.6626033782959,-64
1782113723917,19.689306259155273,-64
1782113723927,19.556222915649414,-64
1782113723937,19.30245590209961,-64
1782113723949,19.025728225708008,-64
1782113723959,18.931657791137695,-64
1782113723971,18.935686111450195,-64
1782113723982,18.206783294677734,-64
1782113723992,18.197837829589844,-64
1782113724004,18.327430725097656,-64
1782113724014,17.99486541748047,-64
1782113724025,17.7370548248291,-64
1782113724040,17.621713638305664,-64
1782113724049,17.439868927001953,-64
1782113724058,17.136188507080078,-65
1782113724076,16.206754684448242,-65
1782113724087,15.938145637512207,-65
1782113724097,15.308245658874512,-66
1782113724107,15.166791915893555,-67
1782113724116,13.655521392822266,-67
1782113724126,12.84587574005127,-68
1782113724135,12.362190246582031,-68
1782113724149,11.41309642791748,-69
1782113724158,11.175155639648438,-69
1782113724175,10.21670150756836,-71
1782113724185,10.347331047058105,-71
1782113724194,10.14865779876709,-71
1782113724203,10.363992691040039,-71
1782113724212,10.222441673278809,-71
1782113724221,10.604744911193848,-71
1782113724232,10.670040130615234,-70
1782113724243,10.933096885681152,-70
1782113724254,11.937726020812988,-69
1782113724266,11.90217113494873,-69
1782113724278,12.476269721984863,-68
1782113724287,12.976861953735352,-68
1782113724299,13.32338809967041,-68
1782113724310,13.397492408752441,-67
1782113724320,13.37653636932373,-67
1782113724331,12.977151870727539,-67
1782113724342,12.880467414855957,-68
1782113724353,12.364255905151367,-68
1782113724364,12.022912979125977,-68
1782113724380,11.475227355957031,-68
1782113724389,11.166687965393066,-69
1782113724397,11.05615234375,-69
1782113724409,11.311746597290039,-69
1782113724419,10.965590476989746,-69
1782113724430,10.900607109069824,-69
1782113724443,10.9635009765625,-69
1782113724454,9.573448181152344,-68
1782113724463,11.064093589782715,-69
1782113724481,9.780746459960938,-69
1782113724491,11.153327941894531,-69
1782113724500,11.087016105651855,-69
1782113724509,11.005318641662598,-69
1782113724520,10.563682556152344,-69
1782113724529,9.063956260681152,-69
1782113724540,8.729721069335938,-69
1782113724550,8.748502731323242,-69
1782113724566,8.645301818847656,-70
1782113724575,8.55875015258789,-69
1782113724591,8.749064445495605,-69
1782113724599,8.637337684631348,-69
1782113724608,8.9006986618042,-69
1782113724618,9.059019088745117,-69
1782113724631,10.652664184570312,-69
1782113724641,10.686697959899902,-69
1782113724650,10.776649475097656,-69
1782113724662,10.97910213470459,-69
1782113724672,9.512005805969238,-69
1782113724687,9.70716381072998,-69
1782113724696,10.98586368560791,-69
1782113724706,9.724549293518066,-68
1782113724716,11.550320625305176,-68
1782113724728,11.4026517868042,-68
1782113724740,11.483929634094238,-68
1782113724751,11.976818084716797,-67
1782113724762,12.270963668823242,-67
1782113724772,12.52613353729248,-67
1782113724794,12.969803810119629,-67
1782113724805,13.268537521362305,-67
1782113724816,13.270377159118652,-66
1782113724827,13.545833587646484,-66
1782113724841,13.288500785827637,-66
1782113724850,13.667839050292969,-66
1782113724860,13.204163551330566,-66
1782113724871,14.26098346710205,-66
1782113724881,13.36685562133789,-66
1782113724893,13.211771011352539,-67
1782113724904,13.086750030517578,-67
1782113724914,13.189286231994629,-67
1782113724926,12.928691864013672,-67
1782113724939,12.801909446716309,-67
1782113724949,12.964052200317383,-67
1782113724958,12.687509536743164,-67
1782113724971,12.744402885437012,-67
1782113724984,12.59720230102539,-67
1782113724994,12.63345718383789,-68
1782113725004,12.238517761230469,-68
1782113725014,12.133580207824707,-68
1782113725025,12.151152610778809,-68
1782113725036,11.81025218963623,-68
1782113725047,11.446371078491211,-68
1782113725058,9.852465629577637,-69
1782113725068,11.090168952941895,-69
1782113725079,9.366124153137207,-69
1782113725096,8.990234375,-70
1782113725106,8.7713623046875,-70
1782113725116,8.615086555480957,-70
1782113725124,8.302149772644043,-71
1782113725135,8.23259162902832,-71
1782113725147,7.945676803588867,-71
1782113725157,7.916433334350586,-72
1782113725167,7.720206260681152,-72
1782113725179,7.6898193359375,-72
1782113725198,7.596179008483887,-72
1782113725207,7.400764465332031,-73
1782113725216,7.084360599517822,-73
1782113725224,7.192338466644287,-73
1782113725233,7.087726593017578,-73
1782113725245,6.643560409545898,-74
1782113725256,6.500269412994385,-74
1782113725266,6.445549011230469,-75
1782113725277,6.1015305519104,-74
1782113725288,5.975970268249512,-75
1782113725300,5.686269283294678,-75
1782113725309,5.6844658851623535,-75
1782113725321,5.778750896453857,-75
1782113725331,5.848771095275879,-75
1782113725342,5.699793815612793,-75
1782113725354,5.705063819885254,-74
1782113725368,5.692372798919678,-74
1782113725376,5.54138708114624,-74
1782113725387,5.76629114151001,-74
1782113725403,5.934250354766846,-73
1782113725410,6.028532028198242,-73
1782113725420,6.1597089767456055,-73
1782113725432,6.547001361846924,-73
1782113725442,6.317749500274658,-72
1782113725454,6.632314205169678,-72
1782113725463,6.52372407913208,-71
1782113725474,6.7239603996276855,-71
1782113725486,6.8210625648498535,-71
1782113725506,6.835358142852783,-71
1782113725514,6.940385341644287,-70
1782113725523,6.9593610763549805,-70
1782113725541,6.968160629272461,-70
1782113725552,6.935934543609619,-70
1782113725563,6.982859134674072,-70
1782113725584,7.680970191955566,-70
1782113725597,7.2701287269592285,-70
1782113725608,7.235826015472412,-70
1782113725618,7.365857124328613,-70
1782113725629,7.501697063446045,-71
1782113725639,7.756267547607422,-71
1782113725651,7.632574558258057,-71
1782113725662,8.017786026000977,-71
1782113725673,7.914278030395508,-71
1782113725684,8.185452461242676,-71
1782113725696,7.776267051696777,-71
1782113725711,7.652990341186523,-72
1782113725719,7.652768135070801,-72
1782113725729,7.452634811401367,-72
1782113725739,7.4973859786987305,-72
1782113725749,7.226014137268066,-73
1782113725760,7.3225321769714355,-73
1782113725772,7.142408847808838,-73
1782113725785,7.02031946182251,-72
1782113725794,7.029839992523193,-72
1782113725813,7.481840133666992,-71
1782113725821,7.793079376220703,-70
1782113725830,7.843847274780273,-70
1782113725839,7.846911430358887,-70
1782113725850,8.191508293151855,-70
1782113725860,7.959384918212891,-69
1782113725870,7.676689624786377,-70
1782113725883,7.513602256774902,-70
1782113725893,7.814712047576904,-70
1782113725904,7.564140796661377,-70
1782113725915,7.168900489807129,-70
1782113725927,7.267721176147461,-70
1782113725937,7.426496505737305,-70
1782113725948,7.820314407348633,-70
1782113725959,8.328991889953613,-70
1782113725970,8.235640525817871,-70
1782113725982,9.838366508483887,-70
1782113725992,8.536369323730469,-71
1782113726002,8.247625350952148,-71
1782113726018,8.120011329650879,-72
1782113726027,8.011104583740234,-72
1782113726036,7.497348785400391,-72
1782113726046,7.9029316902160645,-71
1782113726060,8.014363288879395,-71
1782113726069,7.860547065734863,-70
1782113726081,8.352667808532715,-70
1782113726093,8.677030563354492,-70
1782113726102,9.013456344604492,-70
1782113726120,8.718792915344238,-70
1782113726128,8.635686874389648,-70
1782113726137,8.750523567199707,-70
1782113726146,8.990610122680664,-70
1782113726159,10.892790794372559,-70
1782113726169,11.480791091918945,-69
1782113726180,12.35318660736084,-69
1782113726190,13.072693824768066,-68
1782113726203,13.727035522460938,-68
1782113726213,13.833970069885254,-68
1782113726224,14.010102272033691,-68
1782113726237,13.773879051208496,-68
1782113726247,13.906418800354004,-68
1782113726260,13.8336820602417,-68
1782113726269,14.25393295288086,-68
1782113726281,14.415360450744629,-67
1782113726292,14.701239585876465,-67
1782113726302,14.640374183654785,-67
1782113726312,14.967870712280273,-67
1782113726325,14.7344331741333,-67
1782113726335,14.310155868530273,-67
1782113726350,13.872788429260254,-67
1782113726359,13.550141334533691,-68
1782113726368,13.109593391418457,-68
1782113726380,12.783581733703613,-68
1782113726389,12.386823654174805,-68
1782113726401,12.3148193359375,-69
1782113726411,12.354521751403809,-69
1782113726427,12.137198448181152,-69
1782113726436,12.114666938781738,-69
1782113726446,11.923007011413574,-69
1782113726455,12.013799667358398,-69
1782113726467,11.891225814819336,-69
1782113726479,9.804179191589355,-69
1782113726487,11.329130172729492,-69
1782113726498,11.180761337280273,-69
1782113726509,11.587369918823242,-69
1782113726521,11.586629867553711,-68
1782113726533,11.953883171081543,-68
1782113726543,12.058433532714844,-68
1782113726559,12.499757766723633,-68
1782113726568,12.358139991760254,-67
1782113726577,12.707735061645508,-67
1782113726588,12.828489303588867,-67
1782113726597,12.748130798339844,-67
1782113726609,12.997166633605957,-66
1782113726621,12.938688278198242,-66
1782113726632,13.219623565673828,-66
1782113726643,13.224296569824219,-66
1782113726653,13.457721710205078,-66
1782113726665,13.081759452819824,-66
1782113726675,13.75356388092041,-66
1782113726690,13.972761154174805,-66
1782113726700,13.948241233825684,-66
1782113726710,13.803237915039062,-66
1782113726720,13.873381614685059,-66
1782113726735,13.662396430969238,-66
1782113726744,13.39208698272705,-66
1782113726754,13.070596694946289,-67
1782113726764,12.54668140411377,-67
1782113726773,12.2874755859375,-67
1782113726786,11.68531322479248,-68
1782113726795,9.705208778381348,-68
1782113726810,11.028566360473633,-68
1782113726829,11.157634735107422,-68
1782113726839,11.462262153625488,-68
1782113726851,11.857784271240234,-68
1782113726862,12.180291175842285,-67
1782113726872,12.404175758361816,-67
1782113726884,12.58957576751709,-67
1782113726894,12.698213577270508,-67
1782113726906,12.756631851196289,-67
1782113726917,14.034382820129395,-67
1782113726929,13.015952110290527,-67
1782113726940,11.969000816345215,-67
1782113726950,11.65726089477539,-68
1782113726961,11.214694023132324,-68
1782113726971,11.181522369384766,-68
1782113726982,9.492878913879395,-68
1782113726994,10.913532257080078,-68
1782113727008,11.278523445129395,-68
1782113727018,11.611681938171387,-68
1782113727029,12.067569732666016,-68
1782113727043,12.372695922851562,-67
1782113727052,12.46866226196289,-68
1782113727062,12.33853816986084,-68
1782113727082,12.028641700744629,-68
1782113727092,11.886239051818848,-69
1782113727104,11.745908737182617,-68
1782113727119,11.877696990966797,-68
1782113727128,11.787752151489258,-67
1782113727146,12.621064186096191,-66
1782113727155,12.687470436096191,-66
1782113727164,12.68430233001709,-66
1782113727173,12.961783409118652,-66
1782113727183,12.780479431152344,-65
1782113727192,13.004536628723145,-65
1782113727203,13.325454711914062,-66
1782113727213,13.113790512084961,-66
1782113727224,13.870841026306152,-66
1782113727236,13.427412986755371,-66
1782113727248,13.703959465026855,-66
1782113727258,13.74486255645752,-66
1782113727269,13.524236679077148,-66
1782113727280,13.549755096435547,-66
1782113727291,13.652360916137695,-66
1782113727302,13.6184720993042,-67
1782113727313,13.942434310913086,-66
1782113727325,14.199080467224121,-66
1782113727337,13.899401664733887,-66
1782113727350,14.29330062866211,-66
1782113727359,14.429872512817383,-66
1782113727369,14.368943214416504,-66
1782113727379,15.079694747924805,-65
1782113727390,14.739006996154785,-65
1782113727407,14.505972862243652,-65
1782113727417,14.5570068359375,-65
1782113727427,14.914961814880371,-65
1782113727437,14.62331771850586,-65
1782113727452,14.813804626464844,-65
1782113727462,15.085967063903809,-65
1782113727471,14.848371505737305,-65
1782113727481,14.773634910583496,-65
1782113727491,14.655229568481445,-65
1782113727501,15.073744773864746,-65
1782113727514,14.981208801269531,-65
1782113727524,15.133674621582031,-65
1782113727533,15.406206130981445,-65
1782113727545,15.135726928710938,-65
1782113727556,15.609591484069824,-65
1782113727570,15.520419120788574,-65
1782113727580,15.53217601776123,-65
1782113727590,15.913942337036133,-65
1782113727606,15.768938064575195,-65
1782113727615,15.831040382385254,-65
1782113727625,16.0234432220459,-65
1782113727634,16.545499801635742,-65
1782113727665,15.622504234313965,-65
1782113727674,15.430313110351562,-65
1782113727684,15.470552444458008,-65
1782113727694,15.320557594299316,-65
1782113727703,15.41430377960205,-65
1782113727713,15.14844799041748,-65
1782113727723,15.318944931030273,-65
1782113727733,15.010326385498047,-65
1782113727743,15.16921329498291,-65
1782113727760,14.701129913330078,-65
1782113727770,15.073444366455078,-65
1782113727780,15.055909156799316,-65
1782113727791,14.92585277557373,-66
1782113727800,15.197600364685059,-66
1782113727810,15.102232933044434,-65
1782113727820,15.129218101501465,-66
1782113727830,15.380949020385742,-66
1782113727842,15.749798774719238,-65
1782113727853,15.091532707214355,-65
1782113727865,15.18009090423584,-65
1782113727875,15.122655868530273,-65
1782113727890,15.887322425842285,-65
1782113727899,15.736019134521484,-65
1782113727909,15.763137817382812,-65
1782113727920,16.268394470214844,-65
1782113727930,16.60868263244629,-65
1782113727940,16.823997497558594,-64
1782113727964,17.183189392089844,-64
1782113727973,16.961883544921875,-64
1782113727984,16.64055061340332,-64
1782113727996,16.23994255065918,-64
1782113728005,15.892868041992188,-64
1782113728017,15.757139205932617,-64
1782113728028,15.632872581481934,-64
1782113728039,15.02980899810791,-64
1782113728050,15.085869789123535,-65
1782113728068,15.285943031311035,-65
1782113728078,15.361326217651367,-65
1782113728087,15.403368949890137,-64
1782113728097,15.590218544006348,-65
1782113728107,15.57262897491455,-64
1782113728119,15.801512718200684,-64
1782113728128,15.940269470214844,-64
1782113728138,15.988255500793457,-64
1782113728150,16.431665420532227,-64
1782113728169,16.65766716003418,-64
1782113728178,16.332027435302734,-64
1782113728188,16.33702278137207,-64
1782113728198,16.730592727661133,-64
1782113728208,16.632465362548828,-64
1782113728217,16.841121673583984,-64
1782113728228,16.902359008789062,-64
1782113728237,16.938804626464844,-64
1782113728248,17.58452796936035,-64
1782113728259,17.368114471435547,-64
1782113728271,16.832809448242188,-64
1782113728281,16.887205123901367,-64
1782113728292,16.69215965270996,-64
1782113728303,17.005931854248047,-64
1782113728314,17.42470359802246,-64
1782113728326,16.44342041015625,-64
1782113728338,16.344532012939453,-64
1782113728348,16.819551467895508,-63
1782113728358,16.60178565979004,-64
1782113728379,16.830738067626953,-63
1782113728388,16.91309356689453,-63
1782113728399,16.70380210876465,-64
1782113728408,16.861352920532227,-64
1782113728418,16.897764205932617,-64
1782113728428,16.705469131469727,-64
1782113728438,16.63271713256836,-64
1782113728449,16.823558807373047,-64
1782113728458,17.094112396240234,-63
1782113728477,17.00092887878418,-64
1782113728488,17.05403709411621,-63
1782113728525,17.221405029296875,-63
1782113728529,17.450057983398438,-63
1782113728533,17.634716033935547,-64
1782113728536,17.683406829833984,-63
1782113728539,17.817733764648438,-63
1782113728548,17.785194396972656,-63
1782113728558,18.745386123657227,-63
1782113728567,17.90359878540039,-64
1782113728579,17.919645309448242,-63
1782113728589,18.253662109375,-64
1782113728600,17.83854103088379,-64
1782113728611,17.782459259033203,-63
1782113728622,17.9932804107666,-63
1782113728634,17.654468536376953,-64
1782113728644,17.79366111755371,-64
1782113728655,17.626108169555664,-64
1782113728666,17.574853897094727,-64
1782113728681,17.696422576904297,-63
1782113728691,17.204408645629883,-64
1782113728701,17.164573669433594,-64
1782113728711,17.56220245361328,-64
1782113728721,16.966758728027344,-64
1782113728732,16.786619186401367,-64
1782113728755,16.833707809448242,-64
1782113728765,16.646137237548828,-64
1782113728783,16.75815773010254,-64
1782113728793,16.78483009338379,-64
1782113728804,16.55586051940918,-64
1782113728813,16.259979248046875,-64
1782113728823,16.48824119567871,-64
1782113728834,16.3393611907959,-64
1782113728844,16.335039138793945,-64
1782113728853,16.315109252929688,-64
1782113728867,16.551225662231445,-64
1782113728877,16.218690872192383,-64
1782113728887,16.454376220703125,-64
1782113728899,16.151880264282227,-64
1782113728909,16.384410858154297,-64
1782113728919,16.173831939697266,-64
1782113728930,15.968113899230957,-64
1782113728941,15.542181015014648,-64
1782113728953,15.404099464416504,-65
1782113728965,15.542110443115234,-65
1782113728976,14.852991104125977,-65
1782113728989,14.752744674682617,-65
1782113729001,14.88535213470459,-65
1782113729011,14.718086242675781,-65
1782113729021,15.044879913330078,-65
1782113729031,15.254631996154785,-65
1782113729041,15.572137832641602,-65
1782113729053,16.195768356323242,-64
1782113729063,16.3703670501709,-64
1782113729073,16.685041427612305,-64
1782113729091,17.014911651611328,-64
1782113729101,17.145099639892578,-64
1782113729113,17.234834671020508,-64
1782113729120,17.321760177612305,-64
1782113729132,17.397377014160156,-64
1782113729144,17.42435646057129,-64
1782113729152,17.429332733154297,-64
1782113729161,17.595022201538086,-64
1782113729172,17.984987258911133,-64
1782113729194,17.989309310913086,-64
1782113729216,18.015958786010742,-64
1782113729219,18.24394989013672,-64
1782113729223,18.199970245361328,-64
1782113729234,18.800264358520508,-63
1782113729244,18.768657684326172,-63
1782113729255,19.019081115722656,-63
1782113729265,19.065427780151367,-63
1782113729275,18.560348510742188,-63
1782113729285,18.216455459594727,-63
1782113729295,18.112655639648438,-63
1782113729306,17.687454223632812,-63
1782113729316,17.635997772216797,-64
1782113729327,17.560604095458984,-64
1782113729343,17.62761878967285,-64
1782113729352,17.559226989746094,-64
1782113729360,17.646203994750977,-64
1782113729371,17.448833465576172,-64
1782113729381,17.55397605895996,-64
1782113729398,17.826269149780273,-64
1782113729409,17.635801315307617,-64
1782113729419,17.850996017456055,-64
1782113729428,17.98036003112793,-64
1782113729438,18.029998779296875,-64
1782113729448,18.016666412353516,-64
1782113729458,17.936012268066406,-64
1782113729469,18.061983108520508,-64
1782113729481,17.755451202392578,-64
1782113729491,17.736434936523438,-64
1782113729501,18.00836753845215,-64
1782113729513,17.697050094604492,-64
1782113729525,17.659225463867188,-64
1782113729535,17.34910011291504,-64
1782113729546,17.497793197631836,-63
1782113729557,17.51335334777832,-64
1782113729568,17.161991119384766,-63
1782113729579,17.20757484436035,-64
1782113729593,17.007583618164062,-63
1782113729603,16.523283004760742,-64
1782113729613,16.373533248901367,-64
1782113729623,15.899258613586426,-64
1782113729634,15.901108741760254,-64
1782113729645,15.49063777923584,-64
1782113729660,15.23834228515625,-64
1782113729670,15.417011260986328,-64
1782113729680,14.97037410736084,-65
1782113729689,15.266572952270508,-65
1782113729705,14.65798568725586,-65
1782113729715,14.534505844116211,-65
1782113729724,14.935572624206543,-65
1782113729734,15.24130630493164,-65
1782113729744,14.28075122833252,-65
1782113729756,14.311966896057129,-65
1782113729774,13.96535587310791,-65
1782113729784,14.535598754882812,-65
1782113729794,14.079485893249512,-65
1782113729807,13.956692695617676,-65
1782113729817,14.036213874816895,-65
1782113729826,14.034282684326172,-65
1782113729836,14.428871154785156,-66
1782113729846,14.133727073669434,-65
1782113729855,14.592150688171387,-65
1782113729864,14.845462799072266,-65
1782113729877,15.271732330322266,-65
1782113729889,16.10172462463379,-65
1782113729899,15.508340835571289,-64
1782113729910,15.886698722839355,-64
1782113729920,16.091468811035156,-64
1782113729931,16.107484817504883,-64
1782113729942,16.45295524597168,-64
1782113729953,16.28950309753418,-64
1782113729965,16.56800079345703,-64
1782113729975,16.5267333984375,-64
1782113729986,16.76878547668457,-64
1782113729997,17.109649658203125,-64
1782113730012,17.441669464111328,-64
1782113730022,17.469539642333984,-64
1782113730032,17.709156036376953,-64
1782113730042,18.77654266357422,-64
1782113730055,17.949344635009766,-64
1782113730064,17.983402252197266,-64
1782113730076,18.029056549072266,-64
1782113730085,17.831893920898438,-64
1782113730115,17.457780838012695,-64
1782113730125,17.4981689453125,-64
1782113730134,17.41590118408203,-64
1782113730144,17.947528839111328,-64
1782113730154,16.929563522338867,-64
1782113730164,16.909183502197266,-64
1782113730175,16.415287017822266,-64
1782113730185,16.628278732299805,-64
1782113730194,16.45094871520996,-64
1782113730206,15.971545219421387,-64
1782113730219,15.587514877319336,-65
1782113730229,15.088748931884766,-65
1782113730239,14.928522109985352,-65
1782113730250,14.80757999420166,-65
1782113730260,14.345344543457031,-65
1782113730272,14.081942558288574,-65
1782113730284,13.903589248657227,-65
1782113730293,13.884430885314941,-66
1782113730304,13.78005313873291,-66
1782113730319,13.845101356506348,-66
1782113730328,13.859712600708008,-66
1782113730338,13.723337173461914,-66
1782113730350,13.703380584716797,-66
1782113730360,14.206161499023438,-66
1782113730371,14.222284317016602,-66
1782113730382,14.008467674255371,-66
1782113730395,13.940559387207031,-66
1782113730406,14.43117904663086,-66
1782113730422,14.008065223693848,-66
1782113730431,14.005404472351074,-66
1782113730441,13.764095306396484,-66
1782113730450,14.048415184020996,-66
1782113730460,13.959160804748535,-66
1782113730469,13.660629272460938,-66
1782113730480,13.677578926086426,-66
1782113730491,13.836082458496094,-66
1782113730503,14.855117797851562,-66
1782113730514,13.903170585632324,-66
1782113730525,13.696821212768555,-66
1782113730536,13.627543449401855,-66
1782113730547,13.505245208740234,-66
1782113730557,13.613729476928711,-66
1782113730569,13.452227592468262,-66
1782113730581,13.327041625976562,-67
1782113730595,13.357414245605469,-67
1782113730605,13.432989120483398,-67
1782113730615,13.46712589263916,-67
1782113730627,13.51257610321045,-66
1782113730638,13.449222564697266,-66
1782113730647,13.252972602844238,-66
1782113730657,13.318618774414062,-66
1782113730668,13.13170337677002,-66
1782113730679,12.838147163391113,-66
1782113730689,12.259662628173828,-67
1782113730701,12.224506378173828,-67
1782113730712,12.291304588317871,-67
1782113730729,11.998461723327637,-67
1782113730738,11.900810241699219,-67
1782113730748,11.47140884399414,-67
1782113730757,11.37293529510498,-67
1782113730766,10.891018867492676,-67
1782113730779,10.401150703430176,-67
1782113730788,10.273571014404297,-68
1782113730799,8.529287338256836,-68
1782113730811,7.812194347381592,-68
1782113730830,7.306725025177002,-69
1782113730838,7.260748386383057,-69
1782113730846,6.5926384925842285,-70
1782113730855,6.217624187469482,-70
1782113730865,5.916214466094971,-71
1782113730876,5.594995975494385,-71
1782113730887,5.511286735534668,-72
1782113730897,5.837869167327881,-72
1782113730909,5.8791913986206055,-72
1782113730921,6.054858684539795,-72
1782113730933,6.220468044281006,-72
1782113730942,6.3056159019470215,-71
1782113730953,6.432899475097656,-71
1782113730963,6.256243705749512,-71
1782113730975,6.44761323928833,-70
1782113730986,6.707117080688477,-70
1782113730996,6.894312858581543,-70
1782113731008,7.0919671058654785,-70
1782113731021,7.472090244293213,-70
1782113731036,6.990931987762451,-70
1782113731044,7.12191915512085,-70
1782113731053,6.9873046875,-70
1782113731063,6.844923973083496,-70
1782113731074,6.959472179412842,-70
1782113731085,6.989405632019043,-70
1782113731096,6.663132190704346,-70
1782113731106,6.811349868774414,-71
1782113731118,6.448587894439697,-71
1782113731137,6.411815643310547,-71
1782113731145,6.401185035705566,-71
1782113731154,6.463332176208496,-71
1782113731162,6.765679836273193,-71
1782113731176,6.937473297119141,-71
1782113731184,7.063253402709961,-71
1782113731195,6.985810279846191,-71
1782113731206,7.274255752563477,-70
1782113731217,7.940142631530762,-70
1782113731229,7.877257823944092,-70
1782113731240,7.519522190093994,-70
1782113731249,7.496191501617432,-70
1782113731260,7.435387134552002,-70
1782113731272,7.4770708084106445,-70
1782113731285,7.00256872177124,-70
1782113731293,6.959130764007568,-70
1782113731304,6.828522205352783,-70
1782113731315,6.561657905578613,-71
1782113731328,6.395125389099121,-71
1782113731346,6.223358631134033,-71
1782113731355,6.004245758056641,-71
1782113731368,5.8859968185424805,-71
1782113731376,6.023985862731934,-72
1782113731385,5.6845879554748535,-72
1782113731393,5.36082649230957,-72
1782113731403,5.234257221221924,-72
1782113731415,4.958978176116943,-73
1782113731426,5.25739860534668,-73
1782113731447,4.604012489318848,-74
1782113731459,4.313331604003906,-74
1782113731482,3.989088535308838,-75
1782113731495,3.7835047245025635,-75
1782113731504,3.8109638690948486,-76
1782113731513,3.6147782802581787,-76
1782113731538,2.993053674697876,-77
1782113731547,3.0938162803649902,-77
1782113731559,2.9878594875335693,-78
1782113731568,2.862755298614502,-79
1782113731579,3.198995351791382,-79
1782113731590,2.89821195602417,-79
1782113731601,2.724844217300415,-79
1782113731612,2.9222562313079834,-79
1782113731625,2.7621428966522217,-80
1782113731635,3.025847911834717,-79
1782113731650,2.711306571960449,-78
1782113731658,2.9809117317199707,-78
1782113731668,2.9250051975250244,-78
1782113731689,3.037421703338623,-79
1782113731701,3.1252968311309814,-78
1782113731712,3.2580230236053467,-78
1782113731724,3.1752758026123047,-78
1782113731733,3.2390851974487305,-78
1782113731750,3.38127064704895,-78
1782113731758,3.2230262756347656,-78
1782113731766,3.4750213623046875,-79
1782113731785,3.286590576171875,-80
1782113731793,3.3974666595458984,-80
1782113731804,3.318178176879883,-81
1782113731813,3.3375723361968994,-81
1782113731831,3.375762701034546,-81
1782113731839,3.7369813919067383,-81
1782113731858,3.518482208251953,-81
1782113731866,3.4596049785614014,-82
1782113731877,3.7534472942352295,-82
1782113731887,3.69168758392334,-82
1782113731914,3.8474152088165283,-82
1782113731922,4.141948699951172,-82
1782113731932,4.0603203773498535,-82
1782113731942,4.521753787994385,-82
1782113731957,4.534134387969971,-83
1782113731965,4.874422073364258,-83
1782113731976,4.982055187225342,-82
1782113731987,4.984861850738525,-82
1782113731998,5.323882102966309,-82
1782113732009,5.290667533874512,-81
1782113732030,5.238224029541016,-81
1782113732062,5.523809909820557,-78
1782113732071,5.57436990737915,-77
1782113732079,5.765307903289795,-77
1782113732087,5.954587936401367,-76
1782113732096,6.207663059234619,-75
1782113732109,6.267706394195557,-74
1782113732122,6.680253028869629,-73
1782113732131,6.6686811447143555,-73
1782113732142,6.955291748046875,-73
1782113732162,7.126880645751953,-73
1782113732170,7.116708755493164,-73
1782113732179,7.129220962524414,-73
1782113732187,7.214170455932617,-72
1782113732195,7.384012222290039,-72
1782113732208,10.856741905212402,-71
1782113732217,8.28609848022461,-71
1782113732230,8.642645835876465,-70
1782113732243,9.150739669799805,-69
1782113732253,10.80691909790039,-69
1782113732273,10.747858047485352,-69
1782113732286,8.817414283752441,-69
1782113732295,8.373234748840332,-70
1782113732307,7.942911624908447,-70
1782113732316,7.204781532287598,-71
1782113732339,6.31646728515625,-72
1782113732347,6.30497407913208,-72
1782113732356,5.870656490325928,-72
1782113732370,5.474318981170654,-73
1782113732378,5.345751762390137,-73
1782113732386,5.095040321350098,-73
1782113732407,4.614898681640625,-74
1782113732415,4.561069488525391,-74
1782113732425,4.5717244148254395,-74
1782113732443,4.67104959487915,-73
1782113732458,4.949173927307129,-73
