created_at,subject,target_label,ambient,target_trial,source_file,source_rows,output_rows,tail_seconds,tail_frames,method
2026-06-23T00:30:52,yja,post_bed_fall_inactive,quiet,t001,data/danger/fall/bed_sitting_to_stand_fall/yja/yja_bed_sitting_to_stand_fall_t001.csv,976,1952,1.927,188,fall_10s_plus_repeated_tail_to_20s
2026-06-23T00:30:53,yja,post_bed_fall_inactive,quiet,t002,data/danger/fall/bed_sitting_to_stand_fall/yja/yja_bed_sitting_to_stand_fall_t002.csv,975,1950,2.875,280,fall_10s_plus_repeated_tail_to_20s
2026-06-23T00:30:55,yja,post_bed_fall_inactive,quiet,t003,data/danger/fall/bed_sitting_to_stand_fall/yja/yja_bed_sitting_to_stand_fall_t003.csv,967,1934,2.091,202,fall_10s_plus_repeated_tail_to_20s
2026-06-23T00:30:57,yja,post_bed_fall_inactive,quiet,t004,data/danger/fall/bed_sitting_to_stand_fall/yja/yja_bed_sitting_to_stand_fall_t004.csv,979,1958,2.082,204,fall_10s_plus_repeated_tail_to_20s
2026-06-23T00:30:58,yja,post_bed_fall_inactive,quiet,t005,data/danger/fall/bed_sitting_to_stand_fall/yja/yja_bed_sitting_to_stand_fall_t005.csv,983,1966,1.573,155,fall_10s_plus_repeated_tail_to_20s
2026-06-23T00:31:00,yja,post_bed_fall_inactive,quiet,t006,data/danger/fall/bed_sitting_to_stand_fall/yja/yja_bed_sitting_to_stand_fall_t006.csv,976,1952,2.820,275,fall_10s_plus_repeated_tail_to_20s
2026-06-23T00:31:02,yja,post_bed_fall_inactive,quiet,t007,data/danger/fall/bed_sitting_to_stand_fall/yja/yja_bed_sitting_to_stand_fall_t007.csv,984,1968,1.710,168,fall_10s_plus_repeated_tail_to_20s
2026-06-23T00:31:04,yja,post_bed_fall_inactive,quiet,t008,data/danger/fall/bed_sitting_to_stand_fall/yja/yja_bed_sitting_to_stand_fall_t008.csv,982,1964,2.601,255,fall_10s_plus_repeated_tail_to_20s
2026-06-23T00:31:06,yja,post_bed_fall_inactive,aircon,t009,data/danger/fall/bed_sitting_to_stand_fall/yja/yja_bed_sitting_to_stand_fall_t009.csv,972,1944,1.927,187,fall_10s_plus_repeated_tail_to_20s
2026-06-23T00:31:08,yja,post_bed_fall_inactive,aircon,t010,data/danger/fall/bed_sitting_to_stand_fall/yja/yja_bed_sitting_to_stand_fall_t010.csv,971,1942,2.875,279,fall_10s_plus_repeated_tail_to_20s
2026-06-23T00:31:10,yja,post_bed_fall_inactive,aircon,t011,data/danger/fall/bed_sitting_to_stand_fall/yja/yja_bed_sitting_to_stand_fall_t011.csv,975,1950,2.091,204,fall_10s_plus_repeated_tail_to_20s
2026-06-23T00:31:12,yja,post_bed_fall_inactive,aircon,t012,data/danger/fall/bed_sitting_to_stand_fall/yja/yja_bed_sitting_to_stand_fall_t012.csv,974,1948,2.082,203,fall_10s_plus_repeated_tail_to_20s
2026-06-23T00:31:14,yja,post_bed_fall_inactive,aircon,t013,data/danger/fall/bed_sitting_to_stand_fall/yja/yja_bed_sitting_to_stand_fall_t013.csv,959,1918,1.573,151,fall_10s_plus_repeated_tail_to_20s
2026-06-23T00:31:16,yja,post_bed_fall_inactive,aircon,t014,data/danger/fall/bed_sitting_to_stand_fall/yja/yja_bed_sitting_to_stand_fall_t014.csv,978,1956,2.820,276,fall_10s_plus_repeated_tail_to_20s
2026-06-23T00:31:17,yja,post_bed_fall_inactive,aircon,t015,data/danger/fall/bed_sitting_to_stand_fall/yja/yja_bed_sitting_to_stand_fall_t015.csv,980,1960,1.710,168,fall_10s_plus_repeated_tail_to_20s
2026-06-23T00:31:20,yja,post_bed_fall_inactive,tv,t016,data/danger/fall/bed_sitting_to_stand_fall/yja/yja_bed_sitting_to_stand_fall_t016.csv,978,1956,1.927,188,fall_10s_plus_repeated_tail_to_20s
2026-06-23T00:31:21,yja,post_bed_fall_inactive,tv,t017,data/danger/fall/bed_sitting_to_stand_fall/yja/yja_bed_sitting_to_stand_fall_t017.csv,912,1824,2.875,262,fall_10s_plus_repeated_tail_to_20s
2026-06-23T00:31:23,yja,post_bed_fall_inactive,tv,t018,data/danger/fall/bed_sitting_to_stand_fall/yja/yja_bed_sitting_to_stand_fall_t018.csv,969,1938,2.091,203,fall_10s_plus_repeated_tail_to_20s
2026-06-23T00:31:25,yja,post_bed_fall_inactive,tv,t019,data/danger/fall/bed_sitting_to_stand_fall/yja/yja_bed_sitting_to_stand_fall_t019.csv,975,1950,2.082,203,fall_10s_plus_repeated_tail_to_20s
2026-06-23T00:31:27,yja,post_bed_fall_inactive,tv,t020,data/danger/fall/bed_sitting_to_stand_fall/yja/yja_bed_sitting_to_stand_fall_t020.csv,1154,2308,1.573,182,fall_10s_plus_repeated_tail_to_20s
2026-06-23T00:31:28,yja,post_bed_fall_inactive,tv,t021,data/danger/fall/bed_sitting_to_stand_fall/yja/yja_bed_sitting_to_stand_fall_t021.csv,936,1872,2.820,264,fall_10s_plus_repeated_tail_to_20s
2026-06-23T00:31:30,yja,post_bed_fall_inactive,tv,t022,data/danger/fall/bed_lying_to_stand_fall/yja/yja_bed_lying_to_stand_fall_t016.csv,975,1950,1.710,167,fall_10s_plus_repeated_tail_to_20s
2026-06-23T00:31:32,yja,post_bed_fall_inactive,music,t023,data/danger/fall/bed_sitting_to_stand_fall/yja/yja_bed_sitting_to_stand_fall_t022.csv,980,1960,1.927,189,fall_10s_plus_repeated_tail_to_20s
2026-06-23T00:31:34,yja,post_bed_fall_inactive,music,t024,data/danger/fall/bed_sitting_to_stand_fall/yja/yja_bed_sitting_to_stand_fall_t023.csv,980,1960,2.875,282,fall_10s_plus_repeated_tail_to_20s
2026-06-23T00:31:36,yja,post_bed_fall_inactive,music,t025,data/danger/fall/bed_sitting_to_stand_fall/yja/yja_bed_sitting_to_stand_fall_t024.csv,939,1878,2.091,196,fall_10s_plus_repeated_tail_to_20s
2026-06-23T00:31:37,yja,post_bed_fall_inactive,music,t026,data/danger/fall/bed_sitting_to_stand_fall/yja/yja_bed_sitting_to_stand_fall_t025.csv,960,1920,2.082,200,fall_10s_plus_repeated_tail_to_20s
2026-06-23T00:31:39,yja,post_bed_fall_inactive,music,t027,data/danger/fall/bed_sitting_to_stand_fall/yja/yja_bed_sitting_to_stand_fall_t026.csv,974,1948,1.573,153,fall_10s_plus_repeated_tail_to_20s
2026-06-23T00:31:41,yja,post_chair_fall_inactive,quiet,t001,data/danger/fall/chair_sitting_to_stand_fall/yja/yja_chair_sitting_to_stand_fall_t001.csv,975,1950,1.927,188,fall_10s_plus_repeated_tail_to_20s
2026-06-23T00:31:43,yja,post_chair_fall_inactive,quiet,t002,data/danger/fall/chair_sitting_to_stand_fall/yja/yja_chair_sitting_to_stand_fall_t002.csv,985,1970,2.875,283,fall_10s_plus_repeated_tail_to_20s
2026-06-23T00:31:45,yja,post_chair_fall_inactive,quiet,t003,data/danger/fall/chair_sitting_to_stand_fall/yja/yja_chair_sitting_to_stand_fall_t003.csv,986,1972,2.091,206,fall_10s_plus_repeated_tail_to_20s
2026-06-23T00:31:47,yja,post_chair_fall_inactive,quiet,t004,data/danger/fall/chair_sitting_to_stand_fall/yja/yja_chair_sitting_to_stand_fall_t004.csv,986,1972,2.082,205,fall_10s_plus_repeated_tail_to_20s
2026-06-23T00:31:48,yja,post_chair_fall_inactive,quiet,t005,data/danger/fall/chair_sitting_to_stand_fall/yja/yja_chair_sitting_to_stand_fall_t005.csv,975,1950,1.573,153,fall_10s_plus_repeated_tail_to_20s
2026-06-23T00:31:50,yja,post_chair_fall_inactive,quiet,t006,data/danger/fall/chair_sitting_to_stand_fall/yja/yja_chair_sitting_to_stand_fall_t006.csv,988,1976,2.820,279,fall_10s_plus_repeated_tail_to_20s
2026-06-23T00:31:52,yja,post_chair_fall_inactive,quiet,t007,data/danger/fall/chair_sitting_to_stand_fall/yja/yja_chair_sitting_to_stand_fall_t007.csv,972,1944,1.710,166,fall_10s_plus_repeated_tail_to_20s
2026-06-23T00:31:53,yja,post_chair_fall_inactive,quiet,t008,data/danger/fall/chair_sitting_to_stand_fall/yja/yja_chair_sitting_to_stand_fall_t008.csv,980,1960,2.601,255,fall_10s_plus_repeated_tail_to_20s
2026-06-23T00:31:56,yja,post_chair_fall_inactive,tv,t016,data/danger/fall/chair_sitting_to_stand_fall/yja/yja_chair_sitting_to_stand_fall_t016.csv,986,1972,1.927,190,fall_10s_plus_repeated_tail_to_20s
2026-06-23T00:31:57,yja,post_chair_fall_inactive,tv,t017,data/danger/fall/chair_sitting_to_stand_fall/yja/yja_chair_sitting_to_stand_fall_t017.csv,973,1946,2.875,280,fall_10s_plus_repeated_tail_to_20s
2026-06-23T00:31:59,yja,post_chair_fall_inactive,tv,t018,data/danger/fall/chair_sitting_to_stand_fall/yja/yja_chair_sitting_to_stand_fall_t018.csv,979,1958,2.091,205,fall_10s_plus_repeated_tail_to_20s
2026-06-23T00:32:01,yja,post_chair_fall_inactive,tv,t019,data/danger/fall/chair_sitting_to_stand_fall/yja/yja_chair_sitting_to_stand_fall_t019.csv,978,1956,2.082,204,fall_10s_plus_repeated_tail_to_20s
2026-06-23T00:32:02,yja,post_chair_fall_inactive,tv,t020,data/danger/fall/chair_sitting_to_stand_fall/yja/yja_chair_sitting_to_stand_fall_t020.csv,985,1970,1.573,155,fall_10s_plus_repeated_tail_to_20s
2026-06-23T00:32:04,yja,post_chair_fall_inactive,tv,t021,data/danger/fall/chair_sitting_to_stand_fall/yja/yja_chair_sitting_to_stand_fall_t021.csv,978,1956,2.820,276,fall_10s_plus_repeated_tail_to_20s
2026-06-23T00:32:06,yja,post_chair_fall_inactive,tv,t022,data/danger/fall/chair_stand_to_sit_fall/yja/yja_chair_stand_to_sit_fall_t016.csv,987,1974,1.710,169,fall_10s_plus_repeated_tail_to_20s
2026-06-23T00:32:08,yja,post_chair_fall_inactive,music,t023,data/danger/fall/chair_sitting_to_stand_fall/yja/yja_chair_sitting_to_stand_fall_t022.csv,984,1968,1.927,190,fall_10s_plus_repeated_tail_to_20s
2026-06-23T00:32:10,yja,post_chair_fall_inactive,music,t024,data/danger/fall/chair_sitting_to_stand_fall/yja/yja_chair_sitting_to_stand_fall_t023.csv,972,1944,2.875,279,fall_10s_plus_repeated_tail_to_20s
2026-06-23T00:32:11,yja,post_chair_fall_inactive,music,t025,data/danger/fall/chair_sitting_to_stand_fall/yja/yja_chair_sitting_to_stand_fall_t024.csv,982,1964,2.091,205,fall_10s_plus_repeated_tail_to_20s
2026-06-23T00:32:13,yja,post_chair_fall_inactive,music,t026,data/danger/fall/chair_sitting_to_stand_fall/yja/yja_chair_sitting_to_stand_fall_t025.csv,987,1974,2.082,205,fall_10s_plus_repeated_tail_to_20s
2026-06-23T00:32:15,yja,post_chair_fall_inactive,music,t027,data/danger/fall/chair_sitting_to_stand_fall/yja/yja_chair_sitting_to_stand_fall_t026.csv,990,1980,1.573,156,fall_10s_plus_repeated_tail_to_20s
2026-06-23T01:01:36,yja,post_bed_fall_inactive,quiet,t001,data/danger/fall/bed_sitting_to_stand_fall/yja/yja_bed_sitting_to_stand_fall_t001.csv,976,2001,20.000,1.927,193,fall_10s_plus_repeated_tail_to_20s
2026-06-23T01:01:38,yja,post_bed_fall_inactive,quiet,t002,data/danger/fall/bed_sitting_to_stand_fall/yja/yja_bed_sitting_to_stand_fall_t002.csv,975,2001,20.000,2.875,288,fall_10s_plus_repeated_tail_to_20s
2026-06-23T01:01:41,yja,post_bed_fall_inactive,quiet,t003,data/danger/fall/bed_sitting_to_stand_fall/yja/yja_bed_sitting_to_stand_fall_t003.csv,967,2001,20.000,2.091,209,fall_10s_plus_repeated_tail_to_20s
2026-06-23T01:01:44,yja,post_bed_fall_inactive,quiet,t004,data/danger/fall/bed_sitting_to_stand_fall/yja/yja_bed_sitting_to_stand_fall_t004.csv,979,2001,20.000,2.082,208,fall_10s_plus_repeated_tail_to_20s
2026-06-23T01:01:45,yja,post_bed_fall_inactive,quiet,t005,data/danger/fall/bed_sitting_to_stand_fall/yja/yja_bed_sitting_to_stand_fall_t005.csv,983,2001,20.000,1.573,157,fall_10s_plus_repeated_tail_to_20s
2026-06-23T01:01:47,yja,post_bed_fall_inactive,quiet,t006,data/danger/fall/bed_sitting_to_stand_fall/yja/yja_bed_sitting_to_stand_fall_t006.csv,976,2001,20.000,2.820,282,fall_10s_plus_repeated_tail_to_20s
2026-06-23T01:01:49,yja,post_bed_fall_inactive,quiet,t007,data/danger/fall/bed_sitting_to_stand_fall/yja/yja_bed_sitting_to_stand_fall_t007.csv,984,2001,20.000,1.710,171,fall_10s_plus_repeated_tail_to_20s
2026-06-23T01:01:51,yja,post_bed_fall_inactive,quiet,t008,data/danger/fall/bed_sitting_to_stand_fall/yja/yja_bed_sitting_to_stand_fall_t008.csv,982,2001,20.000,2.601,260,fall_10s_plus_repeated_tail_to_20s
2026-06-23T01:01:54,yja,post_bed_fall_inactive,aircon,t009,data/danger/fall/bed_sitting_to_stand_fall/yja/yja_bed_sitting_to_stand_fall_t009.csv,972,2001,20.000,1.927,193,fall_10s_plus_repeated_tail_to_20s
2026-06-23T01:01:56,yja,post_bed_fall_inactive,aircon,t010,data/danger/fall/bed_sitting_to_stand_fall/yja/yja_bed_sitting_to_stand_fall_t010.csv,971,2001,20.000,2.875,288,fall_10s_plus_repeated_tail_to_20s
2026-06-23T01:01:58,yja,post_bed_fall_inactive,aircon,t011,data/danger/fall/bed_sitting_to_stand_fall/yja/yja_bed_sitting_to_stand_fall_t011.csv,975,2001,20.000,2.091,209,fall_10s_plus_repeated_tail_to_20s
2026-06-23T01:01:59,yja,post_bed_fall_inactive,aircon,t012,data/danger/fall/bed_sitting_to_stand_fall/yja/yja_bed_sitting_to_stand_fall_t012.csv,974,2001,20.000,2.082,208,fall_10s_plus_repeated_tail_to_20s
2026-06-23T01:02:01,yja,post_bed_fall_inactive,aircon,t013,data/danger/fall/bed_sitting_to_stand_fall/yja/yja_bed_sitting_to_stand_fall_t013.csv,959,2001,20.000,1.573,157,fall_10s_plus_repeated_tail_to_20s
2026-06-23T01:02:03,yja,post_bed_fall_inactive,aircon,t014,data/danger/fall/bed_sitting_to_stand_fall/yja/yja_bed_sitting_to_stand_fall_t014.csv,978,2001,20.000,2.820,282,fall_10s_plus_repeated_tail_to_20s
2026-06-23T01:02:05,yja,post_bed_fall_inactive,aircon,t015,data/danger/fall/bed_sitting_to_stand_fall/yja/yja_bed_sitting_to_stand_fall_t015.csv,980,2001,20.000,1.710,171,fall_10s_plus_repeated_tail_to_20s
2026-06-23T01:02:07,yja,post_bed_fall_inactive,tv,t016,data/danger/fall/bed_sitting_to_stand_fall/yja/yja_bed_sitting_to_stand_fall_t016.csv,978,2001,20.000,1.927,193,fall_10s_plus_repeated_tail_to_20s
2026-06-23T01:02:09,yja,post_bed_fall_inactive,tv,t017,data/danger/fall/bed_sitting_to_stand_fall/yja/yja_bed_sitting_to_stand_fall_t017.csv,912,2001,20.000,2.875,288,fall_10s_plus_repeated_tail_to_20s
2026-06-23T01:02:11,yja,post_bed_fall_inactive,tv,t018,data/danger/fall/bed_sitting_to_stand_fall/yja/yja_bed_sitting_to_stand_fall_t018.csv,969,2001,20.000,2.091,209,fall_10s_plus_repeated_tail_to_20s
2026-06-23T01:02:13,yja,post_bed_fall_inactive,tv,t019,data/danger/fall/bed_sitting_to_stand_fall/yja/yja_bed_sitting_to_stand_fall_t019.csv,975,2001,20.000,2.082,208,fall_10s_plus_repeated_tail_to_20s
2026-06-23T01:02:14,yja,post_bed_fall_inactive,tv,t020,data/danger/fall/bed_sitting_to_stand_fall/yja/yja_bed_sitting_to_stand_fall_t020.csv,1154,2001,20.000,1.573,157,fall_10s_plus_repeated_tail_to_20s
2026-06-23T01:02:16,yja,post_bed_fall_inactive,tv,t021,data/danger/fall/bed_sitting_to_stand_fall/yja/yja_bed_sitting_to_stand_fall_t021.csv,936,2001,20.000,2.820,282,fall_10s_plus_repeated_tail_to_20s
2026-06-23T01:02:18,yja,post_bed_fall_inactive,tv,t022,data/danger/fall/bed_lying_to_stand_fall/yja/yja_bed_lying_to_stand_fall_t016.csv,975,2001,20.000,1.710,171,fall_10s_plus_repeated_tail_to_20s
2026-06-23T01:02:20,yja,post_bed_fall_inactive,music,t023,data/danger/fall/bed_sitting_to_stand_fall/yja/yja_bed_sitting_to_stand_fall_t022.csv,980,1820,20.009,1.927,175,fall_10s_plus_repeated_tail_to_20s
2026-06-23T01:02:22,yja,post_bed_fall_inactive,music,t024,data/danger/fall/bed_sitting_to_stand_fall/yja/yja_bed_sitting_to_stand_fall_t023.csv,980,1820,20.009,2.875,261,fall_10s_plus_repeated_tail_to_20s
2026-06-23T01:02:23,yja,post_bed_fall_inactive,music,t025,data/danger/fall/bed_sitting_to_stand_fall/yja/yja_bed_sitting_to_stand_fall_t024.csv,939,1820,20.009,2.091,190,fall_10s_plus_repeated_tail_to_20s
2026-06-23T01:02:25,yja,post_bed_fall_inactive,music,t026,data/danger/fall/bed_sitting_to_stand_fall/yja/yja_bed_sitting_to_stand_fall_t025.csv,960,1820,20.009,2.082,189,fall_10s_plus_repeated_tail_to_20s
2026-06-23T01:02:27,yja,post_bed_fall_inactive,music,t027,data/danger/fall/bed_sitting_to_stand_fall/yja/yja_bed_sitting_to_stand_fall_t026.csv,974,1820,20.009,1.573,143,fall_10s_plus_repeated_tail_to_20s
2026-06-23T01:02:29,yja,post_chair_fall_inactive,quiet,t001,data/danger/fall/chair_sitting_to_stand_fall/yja/yja_chair_sitting_to_stand_fall_t001.csv,975,2001,20.000,1.927,193,fall_10s_plus_repeated_tail_to_20s
2026-06-23T01:02:31,yja,post_chair_fall_inactive,quiet,t002,data/danger/fall/chair_sitting_to_stand_fall/yja/yja_chair_sitting_to_stand_fall_t002.csv,985,2001,20.000,2.875,288,fall_10s_plus_repeated_tail_to_20s
2026-06-23T01:02:33,yja,post_chair_fall_inactive,quiet,t003,data/danger/fall/chair_sitting_to_stand_fall/yja/yja_chair_sitting_to_stand_fall_t003.csv,986,2001,20.000,2.091,209,fall_10s_plus_repeated_tail_to_20s
2026-06-23T01:02:35,yja,post_chair_fall_inactive,quiet,t004,data/danger/fall/chair_sitting_to_stand_fall/yja/yja_chair_sitting_to_stand_fall_t004.csv,986,2001,20.000,2.082,208,fall_10s_plus_repeated_tail_to_20s
2026-06-23T01:02:36,yja,post_chair_fall_inactive,quiet,t005,data/danger/fall/chair_sitting_to_stand_fall/yja/yja_chair_sitting_to_stand_fall_t005.csv,975,2001,20.000,1.573,157,fall_10s_plus_repeated_tail_to_20s
2026-06-23T01:02:38,yja,post_chair_fall_inactive,quiet,t006,data/danger/fall/chair_sitting_to_stand_fall/yja/yja_chair_sitting_to_stand_fall_t006.csv,988,2001,20.000,2.820,282,fall_10s_plus_repeated_tail_to_20s
2026-06-23T01:02:40,yja,post_chair_fall_inactive,quiet,t007,data/danger/fall/chair_sitting_to_stand_fall/yja/yja_chair_sitting_to_stand_fall_t007.csv,972,2001,20.000,1.710,171,fall_10s_plus_repeated_tail_to_20s
2026-06-23T01:02:42,yja,post_chair_fall_inactive,quiet,t008,data/danger/fall/chair_sitting_to_stand_fall/yja/yja_chair_sitting_to_stand_fall_t008.csv,980,2001,20.000,2.601,260,fall_10s_plus_repeated_tail_to_20s
2026-06-23T01:02:44,yja,post_chair_fall_inactive,tv,t016,data/danger/fall/chair_sitting_to_stand_fall/yja/yja_chair_sitting_to_stand_fall_t016.csv,986,2001,20.000,1.927,193,fall_10s_plus_repeated_tail_to_20s
2026-06-23T01:02:46,yja,post_chair_fall_inactive,tv,t017,data/danger/fall/chair_sitting_to_stand_fall/yja/yja_chair_sitting_to_stand_fall_t017.csv,973,2001,20.000,2.875,288,fall_10s_plus_repeated_tail_to_20s
2026-06-23T01:02:48,yja,post_chair_fall_inactive,tv,t018,data/danger/fall/chair_sitting_to_stand_fall/yja/yja_chair_sitting_to_stand_fall_t018.csv,979,2001,20.000,2.091,209,fall_10s_plus_repeated_tail_to_20s
2026-06-23T01:02:50,yja,post_chair_fall_inactive,tv,t019,data/danger/fall/chair_sitting_to_stand_fall/yja/yja_chair_sitting_to_stand_fall_t019.csv,978,2001,20.000,2.082,208,fall_10s_plus_repeated_tail_to_20s
2026-06-23T01:02:51,yja,post_chair_fall_inactive,tv,t020,data/danger/fall/chair_sitting_to_stand_fall/yja/yja_chair_sitting_to_stand_fall_t020.csv,985,2001,20.000,1.573,157,fall_10s_plus_repeated_tail_to_20s
2026-06-23T01:02:55,yja,post_chair_fall_inactive,tv,t021,data/danger/fall/chair_sitting_to_stand_fall/yja/yja_chair_sitting_to_stand_fall_t021.csv,978,2001,20.000,2.820,282,fall_10s_plus_repeated_tail_to_20s
2026-06-23T01:02:57,yja,post_chair_fall_inactive,tv,t022,data/danger/fall/chair_stand_to_sit_fall/yja/yja_chair_stand_to_sit_fall_t016.csv,987,2001,20.000,1.710,171,fall_10s_plus_repeated_tail_to_20s
2026-06-23T01:02:59,yja,post_chair_fall_inactive,music,t023,data/danger/fall/chair_sitting_to_stand_fall/yja/yja_chair_sitting_to_stand_fall_t022.csv,984,2001,20.000,1.927,193,fall_10s_plus_repeated_tail_to_20s
2026-06-23T01:03:01,yja,post_chair_fall_inactive,music,t024,data/danger/fall/chair_sitting_to_stand_fall/yja/yja_chair_sitting_to_stand_fall_t023.csv,972,2001,20.000,2.875,288,fall_10s_plus_repeated_tail_to_20s
2026-06-23T01:03:03,yja,post_chair_fall_inactive,music,t025,data/danger/fall/chair_sitting_to_stand_fall/yja/yja_chair_sitting_to_stand_fall_t024.csv,982,2001,20.000,2.091,209,fall_10s_plus_repeated_tail_to_20s
2026-06-23T01:03:05,yja,post_chair_fall_inactive,music,t026,data/danger/fall/chair_sitting_to_stand_fall/yja/yja_chair_sitting_to_stand_fall_t025.csv,987,2001,20.000,2.082,208,fall_10s_plus_repeated_tail_to_20s
2026-06-23T01:03:06,yja,post_chair_fall_inactive,music,t027,data/danger/fall/chair_sitting_to_stand_fall/yja/yja_chair_sitting_to_stand_fall_t026.csv,990,2001,20.000,1.573,157,fall_10s_plus_repeated_tail_to_20s
2026-06-23T13:28:25,yja,post_chair_fall_inactive,aircon,t009,data/danger/fall/chair_sitting_to_stand_fall/yja/yja_chair_sitting_to_stand_fall_t009.csv,984,2001,20.000,1.927,193,fall_10s_plus_repeated_tail_to_20s
2026-06-23T13:28:26,yja,post_chair_fall_inactive,aircon,t010,data/danger/fall/chair_sitting_to_stand_fall/yja/yja_chair_sitting_to_stand_fall_t010.csv,969,2001,20.000,2.875,288,fall_10s_plus_repeated_tail_to_20s
2026-06-23T13:28:28,yja,post_chair_fall_inactive,aircon,t011,data/danger/fall/chair_sitting_to_stand_fall/yja/yja_chair_sitting_to_stand_fall_t011.csv,938,2001,20.000,2.091,209,fall_10s_plus_repeated_tail_to_20s
2026-06-23T13:28:30,yja,post_chair_fall_inactive,aircon,t012,data/danger/fall/chair_sitting_to_stand_fall/yja/yja_chair_sitting_to_stand_fall_t012.csv,990,2001,20.000,2.082,208,fall_10s_plus_repeated_tail_to_20s
2026-06-23T13:28:31,yja,post_chair_fall_inactive,aircon,t013,data/danger/fall/chair_sitting_to_stand_fall/yja/yja_chair_sitting_to_stand_fall_t013.csv,986,2001,20.000,1.573,157,fall_10s_plus_repeated_tail_to_20s
2026-06-23T13:28:33,yja,post_chair_fall_inactive,aircon,t014,data/danger/fall/chair_sitting_to_stand_fall/yja/yja_chair_sitting_to_stand_fall_t014.csv,984,2001,20.000,2.820,282,fall_10s_plus_repeated_tail_to_20s
2026-06-23T13:28:35,yja,post_chair_fall_inactive,aircon,t015,data/danger/fall/chair_sitting_to_stand_fall/yja/yja_chair_sitting_to_stand_fall_t015.csv,973,2001,20.000,1.710,171,fall_10s_plus_repeated_tail_to_20s
2026-06-23T23:06:40,yja,post_bed_fall_inactive,quiet,t001,data/danger/fall/bed_sitting_to_stand_fall/yja/yja_bed_sitting_to_stand_fall_t001.csv,976,2001,20.000,1.927,193,fall_10s_plus_repeated_tail_to_20s
2026-06-23T23:06:42,yja,post_bed_fall_inactive,quiet,t002,data/danger/fall/bed_lying_to_stand_fall/yja/yja_bed_lying_to_stand_fall_t001.csv,989,2001,20.000,2.875,288,fall_10s_plus_repeated_tail_to_20s
2026-06-23T23:06:44,yja,post_bed_fall_inactive,quiet,t003,data/danger/fall/bed_stand_to_lie_fall/yja/yja_bed_stand_to_lie_fall_t001.csv,962,2001,20.000,2.091,209,fall_10s_plus_repeated_tail_to_20s
2026-06-23T23:06:46,yja,post_bed_fall_inactive,quiet,t004,data/danger/fall/bed_sitting_to_stand_fall/yja/yja_bed_sitting_to_stand_fall_t002.csv,975,2001,20.000,2.082,208,fall_10s_plus_repeated_tail_to_20s
2026-06-23T23:06:47,yja,post_bed_fall_inactive,quiet,t005,data/danger/fall/bed_lying_to_stand_fall/yja/yja_bed_lying_to_stand_fall_t002.csv,987,2001,20.000,1.573,157,fall_10s_plus_repeated_tail_to_20s
2026-06-23T23:06:49,yja,post_bed_fall_inactive,quiet,t006,data/danger/fall/bed_stand_to_lie_fall/yja/yja_bed_stand_to_lie_fall_t002.csv,971,2001,20.000,2.820,282,fall_10s_plus_repeated_tail_to_20s
2026-06-23T23:06:51,yja,post_bed_fall_inactive,quiet,t007,data/danger/fall/bed_sitting_to_stand_fall/yja/yja_bed_sitting_to_stand_fall_t003.csv,967,2001,20.000,1.710,171,fall_10s_plus_repeated_tail_to_20s
2026-06-23T23:06:53,yja,post_bed_fall_inactive,quiet,t008,data/danger/fall/bed_lying_to_stand_fall/yja/yja_bed_lying_to_stand_fall_t003.csv,978,2001,20.000,2.601,260,fall_10s_plus_repeated_tail_to_20s
2026-06-23T23:07:29,yja,post_bed_fall_inactive,aircon,t009,data/danger/fall/bed_sitting_to_stand_fall/yja/yja_bed_sitting_to_stand_fall_t009.csv,972,2001,20.000,1.927,193,fall_10s_plus_repeated_tail_to_20s
2026-06-23T23:07:31,yja,post_bed_fall_inactive,aircon,t010,data/danger/fall/bed_lying_to_stand_fall/yja/yja_bed_lying_to_stand_fall_t009.csv,985,2001,20.000,2.875,288,fall_10s_plus_repeated_tail_to_20s
2026-06-23T23:07:33,yja,post_bed_fall_inactive,aircon,t011,data/danger/fall/bed_stand_to_lie_fall/yja/yja_bed_stand_to_lie_fall_t009.csv,984,2001,20.000,2.091,209,fall_10s_plus_repeated_tail_to_20s
2026-06-23T23:07:35,yja,post_bed_fall_inactive,aircon,t012,data/danger/fall/bed_sitting_to_stand_fall/yja/yja_bed_sitting_to_stand_fall_t010.csv,971,2001,20.000,2.082,208,fall_10s_plus_repeated_tail_to_20s
2026-06-23T23:07:37,yja,post_bed_fall_inactive,aircon,t013,data/danger/fall/bed_lying_to_stand_fall/yja/yja_bed_lying_to_stand_fall_t010.csv,992,2001,20.000,1.573,157,fall_10s_plus_repeated_tail_to_20s
2026-06-23T23:07:38,yja,post_bed_fall_inactive,aircon,t014,data/danger/fall/bed_stand_to_lie_fall/yja/yja_bed_stand_to_lie_fall_t010.csv,968,2001,20.000,2.820,282,fall_10s_plus_repeated_tail_to_20s
2026-06-23T23:07:40,yja,post_bed_fall_inactive,aircon,t015,data/danger/fall/bed_sitting_to_stand_fall/yja/yja_bed_sitting_to_stand_fall_t011.csv,975,2001,20.000,1.710,171,fall_10s_plus_repeated_tail_to_20s
2026-06-23T23:07:42,yja,post_bed_fall_inactive,tv,t016,data/danger/fall/bed_sitting_to_stand_fall/yja/yja_bed_sitting_to_stand_fall_t016.csv,978,2001,20.000,1.927,193,fall_10s_plus_repeated_tail_to_20s
2026-06-23T23:07:44,yja,post_bed_fall_inactive,tv,t017,data/danger/fall/bed_lying_to_stand_fall/yja/yja_bed_lying_to_stand_fall_t016.csv,975,2001,20.000,2.875,288,fall_10s_plus_repeated_tail_to_20s
2026-06-23T23:07:46,yja,post_bed_fall_inactive,tv,t018,data/danger/fall/bed_stand_to_lie_fall/yja/yja_bed_stand_to_lie_fall_t016.csv,989,2001,20.000,2.091,209,fall_10s_plus_repeated_tail_to_20s
2026-06-23T23:07:48,yja,post_bed_fall_inactive,tv,t019,data/danger/fall/bed_sitting_to_stand_fall/yja/yja_bed_sitting_to_stand_fall_t017.csv,912,2001,20.000,2.082,208,fall_10s_plus_repeated_tail_to_20s
2026-06-23T23:07:49,yja,post_bed_fall_inactive,tv,t020,data/danger/fall/bed_lying_to_stand_fall/yja/yja_bed_lying_to_stand_fall_t017.csv,943,2001,20.000,1.573,157,fall_10s_plus_repeated_tail_to_20s
2026-06-23T23:07:51,yja,post_bed_fall_inactive,tv,t021,data/danger/fall/bed_stand_to_lie_fall/yja/yja_bed_stand_to_lie_fall_t017.csv,978,2001,20.000,2.820,282,fall_10s_plus_repeated_tail_to_20s
2026-06-23T23:07:53,yja,post_bed_fall_inactive,tv,t022,data/danger/fall/bed_sitting_to_stand_fall/yja/yja_bed_sitting_to_stand_fall_t018.csv,969,2001,20.000,1.710,171,fall_10s_plus_repeated_tail_to_20s
2026-06-23T23:07:55,yja,post_bed_fall_inactive,music,t023,data/danger/fall/bed_sitting_to_stand_fall/yja/yja_bed_sitting_to_stand_fall_t022.csv,980,1820,20.009,1.927,175,fall_10s_plus_repeated_tail_to_20s
2026-06-23T23:07:57,yja,post_bed_fall_inactive,music,t024,data/danger/fall/bed_lying_to_stand_fall/yja/yja_bed_lying_to_stand_fall_t023.csv,951,2001,20.000,2.875,288,fall_10s_plus_repeated_tail_to_20s
2026-06-23T23:07:58,yja,post_bed_fall_inactive,music,t025,data/danger/fall/bed_stand_to_lie_fall/yja/yja_bed_stand_to_lie_fall_t023.csv,980,2001,20.000,2.091,209,fall_10s_plus_repeated_tail_to_20s
2026-06-23T23:08:00,yja,post_bed_fall_inactive,music,t026,data/danger/fall/bed_sitting_to_stand_fall/yja/yja_bed_sitting_to_stand_fall_t023.csv,980,1820,20.009,2.082,189,fall_10s_plus_repeated_tail_to_20s
2026-06-23T23:08:02,yja,post_bed_fall_inactive,music,t027,data/danger/fall/bed_lying_to_stand_fall/yja/yja_bed_lying_to_stand_fall_t024.csv,973,2001,20.000,1.573,157,fall_10s_plus_repeated_tail_to_20s
2026-06-23T23:08:04,yja,post_chair_fall_inactive,quiet,t001,data/danger/fall/chair_sitting_to_stand_fall/yja/yja_chair_sitting_to_stand_fall_t001.csv,975,2001,20.000,1.927,193,fall_10s_plus_repeated_tail_to_20s
2026-06-23T23:08:06,yja,post_chair_fall_inactive,quiet,t002,data/danger/fall/chair_stand_to_sit_fall/yja/yja_chair_stand_to_sit_fall_t001.csv,991,2001,20.000,2.875,288,fall_10s_plus_repeated_tail_to_20s
2026-06-23T23:08:08,yja,post_chair_fall_inactive,quiet,t003,data/danger/fall/chair_sitting_to_stand_fall/yja/yja_chair_sitting_to_stand_fall_t002.csv,985,2001,20.000,2.091,209,fall_10s_plus_repeated_tail_to_20s
2026-06-23T23:08:09,yja,post_chair_fall_inactive,quiet,t004,data/danger/fall/chair_stand_to_sit_fall/yja/yja_chair_stand_to_sit_fall_t002.csv,981,2001,20.000,2.082,208,fall_10s_plus_repeated_tail_to_20s
2026-06-23T23:08:11,yja,post_chair_fall_inactive,quiet,t005,data/danger/fall/chair_sitting_to_stand_fall/yja/yja_chair_sitting_to_stand_fall_t003.csv,986,2001,20.000,1.573,157,fall_10s_plus_repeated_tail_to_20s
2026-06-23T23:08:13,yja,post_chair_fall_inactive,quiet,t006,data/danger/fall/chair_stand_to_sit_fall/yja/yja_chair_stand_to_sit_fall_t003.csv,976,2001,20.000,2.820,282,fall_10s_plus_repeated_tail_to_20s
2026-06-23T23:08:15,yja,post_chair_fall_inactive,quiet,t007,data/danger/fall/chair_sitting_to_stand_fall/yja/yja_chair_sitting_to_stand_fall_t004.csv,986,2001,20.000,1.710,171,fall_10s_plus_repeated_tail_to_20s
2026-06-23T23:08:17,yja,post_chair_fall_inactive,quiet,t008,data/danger/fall/chair_stand_to_sit_fall/yja/yja_chair_stand_to_sit_fall_t004.csv,976,2001,20.000,2.601,260,fall_10s_plus_repeated_tail_to_20s
2026-06-23T23:08:19,yja,post_chair_fall_inactive,aircon,t009,data/danger/fall/chair_sitting_to_stand_fall/yja/yja_chair_sitting_to_stand_fall_t009.csv,984,2001,20.000,1.927,193,fall_10s_plus_repeated_tail_to_20s
2026-06-23T23:08:21,yja,post_chair_fall_inactive,aircon,t010,data/danger/fall/chair_stand_to_sit_fall/yja/yja_chair_stand_to_sit_fall_t009.csv,971,2001,20.000,2.875,288,fall_10s_plus_repeated_tail_to_20s
2026-06-23T23:08:22,yja,post_chair_fall_inactive,aircon,t011,data/danger/fall/chair_sitting_to_stand_fall/yja/yja_chair_sitting_to_stand_fall_t010.csv,969,2001,20.000,2.091,209,fall_10s_plus_repeated_tail_to_20s
2026-06-23T23:08:24,yja,post_chair_fall_inactive,aircon,t012,data/danger/fall/chair_stand_to_sit_fall/yja/yja_chair_stand_to_sit_fall_t010.csv,969,2001,20.000,2.082,208,fall_10s_plus_repeated_tail_to_20s
2026-06-23T23:08:26,yja,post_chair_fall_inactive,aircon,t013,data/danger/fall/chair_sitting_to_stand_fall/yja/yja_chair_sitting_to_stand_fall_t011.csv,938,2001,20.000,1.573,157,fall_10s_plus_repeated_tail_to_20s
2026-06-23T23:08:28,yja,post_chair_fall_inactive,aircon,t014,data/danger/fall/chair_stand_to_sit_fall/yja/yja_chair_stand_to_sit_fall_t011.csv,980,2001,20.000,2.820,282,fall_10s_plus_repeated_tail_to_20s
2026-06-23T23:08:29,yja,post_chair_fall_inactive,aircon,t015,data/danger/fall/chair_sitting_to_stand_fall/yja/yja_chair_sitting_to_stand_fall_t012.csv,990,2001,20.000,1.710,171,fall_10s_plus_repeated_tail_to_20s
2026-06-23T23:08:32,yja,post_chair_fall_inactive,tv,t016,data/danger/fall/chair_sitting_to_stand_fall/yja/yja_chair_sitting_to_stand_fall_t016.csv,986,2001,20.000,1.927,193,fall_10s_plus_repeated_tail_to_20s
2026-06-23T23:08:34,yja,post_chair_fall_inactive,tv,t017,data/danger/fall/chair_stand_to_sit_fall/yja/yja_chair_stand_to_sit_fall_t016.csv,987,2001,20.000,2.875,288,fall_10s_plus_repeated_tail_to_20s
2026-06-23T23:08:35,yja,post_chair_fall_inactive,tv,t018,data/danger/fall/chair_sitting_to_stand_fall/yja/yja_chair_sitting_to_stand_fall_t017.csv,973,2001,20.000,2.091,209,fall_10s_plus_repeated_tail_to_20s
2026-06-23T23:08:37,yja,post_chair_fall_inactive,tv,t019,data/danger/fall/chair_stand_to_sit_fall/yja/yja_chair_stand_to_sit_fall_t017.csv,984,2001,20.000,2.082,208,fall_10s_plus_repeated_tail_to_20s
2026-06-23T23:08:39,yja,post_chair_fall_inactive,tv,t020,data/danger/fall/chair_sitting_to_stand_fall/yja/yja_chair_sitting_to_stand_fall_t018.csv,979,2001,20.000,1.573,157,fall_10s_plus_repeated_tail_to_20s
2026-06-23T23:08:41,yja,post_chair_fall_inactive,tv,t021,data/danger/fall/chair_stand_to_sit_fall/yja/yja_chair_stand_to_sit_fall_t018.csv,985,2001,20.000,2.820,282,fall_10s_plus_repeated_tail_to_20s
2026-06-23T23:08:43,yja,post_chair_fall_inactive,tv,t022,data/danger/fall/chair_sitting_to_stand_fall/yja/yja_chair_sitting_to_stand_fall_t019.csv,978,2001,20.000,1.710,171,fall_10s_plus_repeated_tail_to_20s
2026-06-23T23:08:45,yja,post_chair_fall_inactive,music,t023,data/danger/fall/chair_sitting_to_stand_fall/yja/yja_chair_sitting_to_stand_fall_t022.csv,984,2001,20.000,1.927,193,fall_10s_plus_repeated_tail_to_20s
2026-06-23T23:08:47,yja,post_chair_fall_inactive,music,t024,data/danger/fall/chair_stand_to_sit_fall/yja/yja_chair_stand_to_sit_fall_t023.csv,981,2001,20.000,2.875,288,fall_10s_plus_repeated_tail_to_20s
2026-06-23T23:08:48,yja,post_chair_fall_inactive,music,t025,data/danger/fall/chair_sitting_to_stand_fall/yja/yja_chair_sitting_to_stand_fall_t023.csv,972,2001,20.000,2.091,209,fall_10s_plus_repeated_tail_to_20s
2026-06-23T23:08:50,yja,post_chair_fall_inactive,music,t026,data/danger/fall/chair_stand_to_sit_fall/yja/yja_chair_stand_to_sit_fall_t024.csv,983,2001,20.000,2.082,208,fall_10s_plus_repeated_tail_to_20s
2026-06-23T23:08:52,yja,post_chair_fall_inactive,music,t027,data/danger/fall/chair_sitting_to_stand_fall/yja/yja_chair_sitting_to_stand_fall_t024.csv,982,2001,20.000,1.573,157,fall_10s_plus_repeated_tail_to_20s
