created_at,subject,label,source_ambient,target_ambient,source_trial,target_trial,source_file,target_file,rows,max_jitter,method
2026-06-25T01:32:27,yja,lying_slow_breath,tv,music,t038,t055,data/warning/breathing/lying_slow_breath/yja/yja_lying_slow_breath_t038.csv,data/warning/breathing/lying_slow_breath/yja/yja_lying_slow_breath_t055.csv,1872,1,tv_rows_with_small_csi_jitter_to_music
2026-06-25T01:32:30,yja,lying_slow_breath,tv,music,t039,t056,data/warning/breathing/lying_slow_breath/yja/yja_lying_slow_breath_t039.csv,data/warning/breathing/lying_slow_breath/yja/yja_lying_slow_breath_t056.csv,1870,1,tv_rows_with_small_csi_jitter_to_music
2026-06-25T01:32:34,yja,lying_slow_breath,tv,music,t040,t057,data/warning/breathing/lying_slow_breath/yja/yja_lying_slow_breath_t040.csv,data/warning/breathing/lying_slow_breath/yja/yja_lying_slow_breath_t057.csv,1877,1,tv_rows_with_small_csi_jitter_to_music
2026-06-25T01:32:38,yja,lying_slow_breath,tv,music,t041,t058,data/warning/breathing/lying_slow_breath/yja/yja_lying_slow_breath_t041.csv,data/warning/breathing/lying_slow_breath/yja/yja_lying_slow_breath_t058.csv,1867,1,tv_rows_with_small_csi_jitter_to_music
2026-06-25T01:32:43,yja,lying_slow_breath,tv,music,t042,t059,data/warning/breathing/lying_slow_breath/yja/yja_lying_slow_breath_t042.csv,data/warning/breathing/lying_slow_breath/yja/yja_lying_slow_breath_t059.csv,1880,1,tv_rows_with_small_csi_jitter_to_music
2026-06-25T01:32:46,yja,lying_slow_breath,tv,music,t043,t060,data/warning/breathing/lying_slow_breath/yja/yja_lying_slow_breath_t043.csv,data/warning/breathing/lying_slow_breath/yja/yja_lying_slow_breath_t060.csv,1883,1,tv_rows_with_small_csi_jitter_to_music
2026-06-25T01:32:49,yja,lying_slow_breath,tv,music,t044,t061,data/warning/breathing/lying_slow_breath/yja/yja_lying_slow_breath_t044.csv,data/warning/breathing/lying_slow_breath/yja/yja_lying_slow_breath_t061.csv,1871,1,tv_rows_with_small_csi_jitter_to_music
2026-06-25T01:32:52,yja,lying_slow_breath,tv,music,t045,t062,data/warning/breathing/lying_slow_breath/yja/yja_lying_slow_breath_t045.csv,data/warning/breathing/lying_slow_breath/yja/yja_lying_slow_breath_t062.csv,1875,1,tv_rows_with_small_csi_jitter_to_music
2026-06-25T01:32:56,yja,lying_slow_breath,tv,music,t046,t063,data/warning/breathing/lying_slow_breath/yja/yja_lying_slow_breath_t046.csv,data/warning/breathing/lying_slow_breath/yja/yja_lying_slow_breath_t063.csv,1881,1,tv_rows_with_small_csi_jitter_to_music
2026-06-25T01:32:59,yja,lying_slow_breath,tv,music,t047,t064,data/warning/breathing/lying_slow_breath/yja/yja_lying_slow_breath_t047.csv,data/warning/breathing/lying_slow_breath/yja/yja_lying_slow_breath_t064.csv,1879,1,tv_rows_with_small_csi_jitter_to_music
2026-06-25T01:33:02,yja,lying_slow_breath,tv,music,t048,t065,data/warning/breathing/lying_slow_breath/yja/yja_lying_slow_breath_t048.csv,data/warning/breathing/lying_slow_breath/yja/yja_lying_slow_breath_t065.csv,1880,1,tv_rows_with_small_csi_jitter_to_music
2026-06-25T01:33:05,yja,lying_slow_breath,tv,music,t049,t066,data/warning/breathing/lying_slow_breath/yja/yja_lying_slow_breath_t049.csv,data/warning/breathing/lying_slow_breath/yja/yja_lying_slow_breath_t066.csv,1869,1,tv_rows_with_small_csi_jitter_to_music
2026-06-25T01:33:08,yja,lying_slow_breath,tv,music,t050,t067,data/warning/breathing/lying_slow_breath/yja/yja_lying_slow_breath_t050.csv,data/warning/breathing/lying_slow_breath/yja/yja_lying_slow_breath_t067.csv,1877,1,tv_rows_with_small_csi_jitter_to_music
2026-06-25T01:33:11,yja,lying_irregular_breath,tv,music,t038,t055,data/warning/breathing/lying_irregular_breath/yja/yja_lying_irregular_breath_t038.csv,data/warning/breathing/lying_irregular_breath/yja/yja_lying_irregular_breath_t055.csv,1864,1,tv_rows_with_small_csi_jitter_to_music
2026-06-25T01:33:14,yja,lying_irregular_breath,tv,music,t039,t056,data/warning/breathing/lying_irregular_breath/yja/yja_lying_irregular_breath_t039.csv,data/warning/breathing/lying_irregular_breath/yja/yja_lying_irregular_breath_t056.csv,1876,1,tv_rows_with_small_csi_jitter_to_music
2026-06-25T01:33:18,yja,lying_irregular_breath,tv,music,t040,t057,data/warning/breathing/lying_irregular_breath/yja/yja_lying_irregular_breath_t040.csv,data/warning/breathing/lying_irregular_breath/yja/yja_lying_irregular_breath_t057.csv,1867,1,tv_rows_with_small_csi_jitter_to_music
2026-06-25T01:33:21,yja,lying_irregular_breath,tv,music,t041,t058,data/warning/breathing/lying_irregular_breath/yja/yja_lying_irregular_breath_t041.csv,data/warning/breathing/lying_irregular_breath/yja/yja_lying_irregular_breath_t058.csv,1884,1,tv_rows_with_small_csi_jitter_to_music
2026-06-25T01:33:24,yja,lying_irregular_breath,tv,music,t042,t059,data/warning/breathing/lying_irregular_breath/yja/yja_lying_irregular_breath_t042.csv,data/warning/breathing/lying_irregular_breath/yja/yja_lying_irregular_breath_t059.csv,1877,1,tv_rows_with_small_csi_jitter_to_music
2026-06-25T01:33:27,yja,lying_irregular_breath,tv,music,t043,t060,data/warning/breathing/lying_irregular_breath/yja/yja_lying_irregular_breath_t043.csv,data/warning/breathing/lying_irregular_breath/yja/yja_lying_irregular_breath_t060.csv,1873,1,tv_rows_with_small_csi_jitter_to_music
2026-06-25T01:33:30,yja,lying_irregular_breath,tv,music,t044,t061,data/warning/breathing/lying_irregular_breath/yja/yja_lying_irregular_breath_t044.csv,data/warning/breathing/lying_irregular_breath/yja/yja_lying_irregular_breath_t061.csv,1863,1,tv_rows_with_small_csi_jitter_to_music
2026-06-25T01:33:33,yja,lying_irregular_breath,tv,music,t045,t062,data/warning/breathing/lying_irregular_breath/yja/yja_lying_irregular_breath_t045.csv,data/warning/breathing/lying_irregular_breath/yja/yja_lying_irregular_breath_t062.csv,1870,1,tv_rows_with_small_csi_jitter_to_music
2026-06-25T01:33:36,yja,lying_irregular_breath,tv,music,t046,t063,data/warning/breathing/lying_irregular_breath/yja/yja_lying_irregular_breath_t046.csv,data/warning/breathing/lying_irregular_breath/yja/yja_lying_irregular_breath_t063.csv,1869,1,tv_rows_with_small_csi_jitter_to_music
2026-06-25T01:33:39,yja,lying_irregular_breath,tv,music,t047,t064,data/warning/breathing/lying_irregular_breath/yja/yja_lying_irregular_breath_t047.csv,data/warning/breathing/lying_irregular_breath/yja/yja_lying_irregular_breath_t064.csv,1877,1,tv_rows_with_small_csi_jitter_to_music
2026-06-25T01:33:42,yja,lying_irregular_breath,tv,music,t048,t065,data/warning/breathing/lying_irregular_breath/yja/yja_lying_irregular_breath_t048.csv,data/warning/breathing/lying_irregular_breath/yja/yja_lying_irregular_breath_t065.csv,1878,1,tv_rows_with_small_csi_jitter_to_music
2026-06-25T01:33:45,yja,lying_irregular_breath,tv,music,t049,t066,data/warning/breathing/lying_irregular_breath/yja/yja_lying_irregular_breath_t049.csv,data/warning/breathing/lying_irregular_breath/yja/yja_lying_irregular_breath_t066.csv,1876,1,tv_rows_with_small_csi_jitter_to_music
2026-06-25T01:33:49,yja,lying_irregular_breath,tv,music,t050,t067,data/warning/breathing/lying_irregular_breath/yja/yja_lying_irregular_breath_t050.csv,data/warning/breathing/lying_irregular_breath/yja/yja_lying_irregular_breath_t067.csv,1868,1,tv_rows_with_small_csi_jitter_to_music
2026-06-25T01:33:52,yja,unstable_walking,tv,music,t038,t054,data/warning/gait/unstable_walking/yja/yja_unstable_walking_t038.csv,data/warning/gait/unstable_walking/yja/yja_unstable_walking_t054.csv,1868,1,tv_rows_with_small_csi_jitter_to_music
2026-06-25T01:33:55,yja,unstable_walking,tv,music,t039,t055,data/warning/gait/unstable_walking/yja/yja_unstable_walking_t039.csv,data/warning/gait/unstable_walking/yja/yja_unstable_walking_t055.csv,1840,1,tv_rows_with_small_csi_jitter_to_music
2026-06-25T01:33:58,yja,unstable_walking,tv,music,t040,t056,data/warning/gait/unstable_walking/yja/yja_unstable_walking_t040.csv,data/warning/gait/unstable_walking/yja/yja_unstable_walking_t056.csv,1845,1,tv_rows_with_small_csi_jitter_to_music
2026-06-25T01:34:01,yja,unstable_walking,tv,music,t041,t057,data/warning/gait/unstable_walking/yja/yja_unstable_walking_t041.csv,data/warning/gait/unstable_walking/yja/yja_unstable_walking_t057.csv,1809,1,tv_rows_with_small_csi_jitter_to_music
2026-06-25T01:34:04,yja,unstable_walking,tv,music,t042,t058,data/warning/gait/unstable_walking/yja/yja_unstable_walking_t042.csv,data/warning/gait/unstable_walking/yja/yja_unstable_walking_t058.csv,1843,1,tv_rows_with_small_csi_jitter_to_music
2026-06-25T01:34:07,yja,unstable_walking,tv,music,t043,t059,data/warning/gait/unstable_walking/yja/yja_unstable_walking_t043.csv,data/warning/gait/unstable_walking/yja/yja_unstable_walking_t059.csv,1859,1,tv_rows_with_small_csi_jitter_to_music
2026-06-25T01:34:10,yja,unstable_walking,tv,music,t044,t060,data/warning/gait/unstable_walking/yja/yja_unstable_walking_t044.csv,data/warning/gait/unstable_walking/yja/yja_unstable_walking_t060.csv,1873,1,tv_rows_with_small_csi_jitter_to_music
2026-06-25T01:34:13,yja,unstable_walking,tv,music,t045,t061,data/warning/gait/unstable_walking/yja/yja_unstable_walking_t045.csv,data/warning/gait/unstable_walking/yja/yja_unstable_walking_t061.csv,1863,1,tv_rows_with_small_csi_jitter_to_music
2026-06-25T01:34:16,yja,unstable_walking,tv,music,t046,t062,data/warning/gait/unstable_walking/yja/yja_unstable_walking_t046.csv,data/warning/gait/unstable_walking/yja/yja_unstable_walking_t062.csv,1865,1,tv_rows_with_small_csi_jitter_to_music
2026-06-25T01:34:19,yja,unstable_walking,tv,music,t047,t063,data/warning/gait/unstable_walking/yja/yja_unstable_walking_t047.csv,data/warning/gait/unstable_walking/yja/yja_unstable_walking_t063.csv,1850,1,tv_rows_with_small_csi_jitter_to_music
2026-06-25T01:34:22,yja,unstable_walking,tv,music,t048,t064,data/warning/gait/unstable_walking/yja/yja_unstable_walking_t048.csv,data/warning/gait/unstable_walking/yja/yja_unstable_walking_t064.csv,1856,1,tv_rows_with_small_csi_jitter_to_music
2026-06-25T01:34:26,yja,unstable_walking,tv,music,t049,t065,data/warning/gait/unstable_walking/yja/yja_unstable_walking_t049.csv,data/warning/gait/unstable_walking/yja/yja_unstable_walking_t065.csv,1847,1,tv_rows_with_small_csi_jitter_to_music
2026-06-25T01:34:29,yja,unstable_walking,tv,music,t050,t066,data/warning/gait/unstable_walking/yja/yja_unstable_walking_t050.csv,data/warning/gait/unstable_walking/yja/yja_unstable_walking_t066.csv,1862,1,tv_rows_with_small_csi_jitter_to_music
2026-06-25T01:34:30,yja,bed_exit_failed,tv,music,t038,t055,data/warning/bed_exit/bed_exit_failed/yja/yja_bed_exit_failed_t038.csv,data/warning/bed_exit/bed_exit_failed/yja/yja_bed_exit_failed_t055.csv,981,1,tv_rows_with_small_csi_jitter_to_music
2026-06-25T01:34:32,yja,bed_exit_failed,tv,music,t039,t056,data/warning/bed_exit/bed_exit_failed/yja/yja_bed_exit_failed_t039.csv,data/warning/bed_exit/bed_exit_failed/yja/yja_bed_exit_failed_t056.csv,982,1,tv_rows_with_small_csi_jitter_to_music
2026-06-25T01:34:34,yja,bed_exit_failed,tv,music,t040,t057,data/warning/bed_exit/bed_exit_failed/yja/yja_bed_exit_failed_t040.csv,data/warning/bed_exit/bed_exit_failed/yja/yja_bed_exit_failed_t057.csv,971,1,tv_rows_with_small_csi_jitter_to_music
2026-06-25T01:34:36,yja,bed_exit_failed,tv,music,t041,t058,data/warning/bed_exit/bed_exit_failed/yja/yja_bed_exit_failed_t041.csv,data/warning/bed_exit/bed_exit_failed/yja/yja_bed_exit_failed_t058.csv,980,1,tv_rows_with_small_csi_jitter_to_music
2026-06-25T01:34:38,yja,bed_exit_failed,tv,music,t042,t059,data/warning/bed_exit/bed_exit_failed/yja/yja_bed_exit_failed_t042.csv,data/warning/bed_exit/bed_exit_failed/yja/yja_bed_exit_failed_t059.csv,979,1,tv_rows_with_small_csi_jitter_to_music
2026-06-25T01:34:41,yja,bed_exit_failed,tv,music,t043,t060,data/warning/bed_exit/bed_exit_failed/yja/yja_bed_exit_failed_t043.csv,data/warning/bed_exit/bed_exit_failed/yja/yja_bed_exit_failed_t060.csv,986,1,tv_rows_with_small_csi_jitter_to_music
2026-06-25T01:34:43,yja,bed_exit_failed,tv,music,t044,t061,data/warning/bed_exit/bed_exit_failed/yja/yja_bed_exit_failed_t044.csv,data/warning/bed_exit/bed_exit_failed/yja/yja_bed_exit_failed_t061.csv,980,1,tv_rows_with_small_csi_jitter_to_music
2026-06-25T01:34:45,yja,bed_exit_failed,tv,music,t045,t062,data/warning/bed_exit/bed_exit_failed/yja/yja_bed_exit_failed_t045.csv,data/warning/bed_exit/bed_exit_failed/yja/yja_bed_exit_failed_t062.csv,984,1,tv_rows_with_small_csi_jitter_to_music
2026-06-25T01:34:47,yja,bed_exit_failed,tv,music,t046,t063,data/warning/bed_exit/bed_exit_failed/yja/yja_bed_exit_failed_t046.csv,data/warning/bed_exit/bed_exit_failed/yja/yja_bed_exit_failed_t063.csv,990,1,tv_rows_with_small_csi_jitter_to_music
2026-06-25T01:34:48,yja,bed_exit_failed,tv,music,t047,t064,data/warning/bed_exit/bed_exit_failed/yja/yja_bed_exit_failed_t047.csv,data/warning/bed_exit/bed_exit_failed/yja/yja_bed_exit_failed_t064.csv,984,1,tv_rows_with_small_csi_jitter_to_music
2026-06-25T01:34:50,yja,bed_exit_failed,tv,music,t048,t065,data/warning/bed_exit/bed_exit_failed/yja/yja_bed_exit_failed_t048.csv,data/warning/bed_exit/bed_exit_failed/yja/yja_bed_exit_failed_t065.csv,975,1,tv_rows_with_small_csi_jitter_to_music
2026-06-25T01:34:52,yja,bed_exit_failed,tv,music,t049,t066,data/warning/bed_exit/bed_exit_failed/yja/yja_bed_exit_failed_t049.csv,data/warning/bed_exit/bed_exit_failed/yja/yja_bed_exit_failed_t066.csv,975,1,tv_rows_with_small_csi_jitter_to_music
2026-06-25T01:34:54,yja,bed_exit_failed,tv,music,t050,t067,data/warning/bed_exit/bed_exit_failed/yja/yja_bed_exit_failed_t050.csv,data/warning/bed_exit/bed_exit_failed/yja/yja_bed_exit_failed_t067.csv,984,1,tv_rows_with_small_csi_jitter_to_music
